"Gene","Module","MM","MM_pval","GS_Tumor","GS_pval","SignificantModule"
"RAB31","black",0.95397820291367,5.26772884258898e-127,0.507956954333122,3.26040672895307e-17,TRUE
"SPARC","black",0.946154150315875,4.62898794228097e-119,0.453780951534594,1.20979623054445e-13,TRUE
"LAMB3","pink",0.941612110772929,5.61269930400005e-115,0.668668831006808,1.34726312117098e-32,TRUE
"PALLD","black",0.941517986496196,6.76540847261751e-115,0.526443312912331,1.39042309234379e-18,TRUE
"ANTXR1","black",0.939290318799126,5.15098461525868e-113,0.575133150856549,1.27225596998e-22,TRUE
"RUNX1","black",0.929315090374085,2.20830471802009e-105,0.537157806635343,2.0414602419535e-19,TRUE
"EDNRA","black",0.928169018993618,1.40756954254644e-104,0.536676825481706,2.2283415913827e-19,TRUE
"TIMP2","black",0.921239679171727,5.55049677955029e-100,0.435371826653164,1.44180280629459e-12,TRUE
"PLEK2","pink",0.918389563257651,3.26201068177005e-98,0.589123623759733,6.54005822183884e-24,TRUE
"MST1R","pink",0.915809438378114,1.1487189918099e-96,0.610548033527184,5.2021358364112e-26,TRUE
"ZNF532","black",0.915667717273285,1.39229021895349e-96,0.52258551022558,2.72893680927644e-18,TRUE
"CDH11","black",0.915029150816371,3.29777813168783e-96,0.543265876482357,6.63017471444803e-20,TRUE
"TMPRSS4","pink",0.914800410657502,4.48384909685763e-96,0.659145934933019,2.03765889742762e-31,TRUE
"CORO1C","black",0.913939665926016,1.41384409984852e-95,0.472651785179798,8.13387612882559e-15,TRUE
"SERPINH1","black",0.913631690517043,2.12611144284447e-95,0.458842057526727,5.96101372215832e-14,TRUE
"FLNA","black",0.913611087586561,2.18481998974343e-95,0.492651117557176,3.85890489090095e-16,TRUE
"KRT19","pink",0.911794122389644,2.35068073650881e-94,0.619391116327332,6.34217883008749e-27,TRUE
"DPYSL3","black",0.911392487189432,3.94688990557082e-94,0.45037210273704,1.93601714603149e-13,TRUE
"TSPAN1","pink",0.911096239208284,5.77531982528613e-94,0.627963865122025,7.7285498231839e-28,TRUE
"PDGFRB","black",0.910779255340749,8.66621181881563e-94,0.45561839257638,9.36913790166676e-14,TRUE
"CTSK","black",0.910674268539032,9.9096976312143e-94,0.417990816773813,1.30940908827915e-11,TRUE
"PXDN","black",0.907437140347538,5.71585233242326e-92,0.434040632923572,1.7149116816745e-12,TRUE
"CTSB","black",0.904449455038437,2.11746166739454e-90,0.500709980227108,1.06685376316225e-16,TRUE
"AEBP1","black",0.903280087622234,8.42910109545269e-90,0.508265301950376,3.09809112702808e-17,TRUE
"AFAP1","black",0.902083535516291,3.4026960764766e-89,0.527856945502167,1.08367944798641e-18,TRUE
"THBS2","black",0.901395426345736,7.53030268291168e-89,0.542431249474517,7.74195863492768e-20,TRUE
"KCTD10","black",0.900634032160677,1.80132475612272e-88,0.438901851155614,9.06845270754104e-13,TRUE
"SULF2","black",0.900509109290425,2.07704467857526e-88,0.48889008969767,6.95119027420993e-16,TRUE
"OLFML2B","black",0.89868943089815,1.61896418781513e-87,0.433470451357998,1.84675556390676e-12,TRUE
"CEP170","black",0.897306772419043,7.50921388642173e-87,0.443096321989617,5.19051563587588e-13,TRUE
"MFGE8","black",0.897254401279332,7.95512701156385e-87,0.44309536057627,5.19118406869161e-13,TRUE
"KIRREL1","black",0.895537968860913,5.17997924208867e-86,0.358560625770275,1.00995454964028e-08,TRUE
"FN1","black",0.894728028892076,1.23986456503909e-85,0.587594719980105,9.10935144501688e-24,TRUE
"LAMC2","pink",0.893430062011934,4.94774894074884e-85,0.655545498535552,5.54684713839099e-31,TRUE
"ASAP1","black",0.892219401749213,1.77030618538463e-84,0.362289322730179,6.9141996071511e-09,TRUE
"TMC7","pink",0.891312418768638,4.55516383650429e-84,0.602902160848886,3.04495992598962e-25,TRUE
"LRP1","black",0.889811176353286,2.13773314062174e-83,0.377356959349276,1.42205999836879e-09,TRUE
"ITGA3","pink",0.889308626888937,3.56905014501565e-83,0.603096893811284,2.91267760509814e-25,TRUE
"CDCP1","pink",0.888052656287484,1.27115924832442e-82,0.540905197142218,1.02675828615788e-19,TRUE
"ENTPD1","black",0.887856667538233,1.54770132554659e-82,0.449784601385019,2.09832456256286e-13,TRUE
"CAPZB","black",0.887733628119126,1.750949818909e-82,0.467851801335541,1.64205402941887e-14,TRUE
"ACTA2","black",0.887533372700613,2.13971500863461e-82,0.462399930648102,3.59890671268272e-14,TRUE
"SRGAP2B","black",0.887449081858132,2.32788160740231e-82,0.400727772660198,1.03713387573292e-10,TRUE
"PRRX1","black",0.886837514250025,4.28227081850167e-82,0.364694468673899,5.40093524021441e-09,TRUE
"B3GNT3","pink",0.886502051078222,5.97351875619809e-82,0.571100660944657,2.91590857451323e-22,TRUE
"MSN","black",0.883332175714408,1.3185019457092e-80,0.415849256349914,1.70365988534092e-11,TRUE
"SRPX2","black",0.882795419543131,2.20683689360382e-80,0.481588184466633,2.13511001330699e-15,TRUE
"COL12A1","black",0.88206547406654,4.42811379380254e-80,0.493211130929102,3.53294631200237e-16,TRUE
"BNC2","black",0.881956650870911,4.91063293020443e-80,0.34802952578738,2.86924382193526e-08,TRUE
"STAT2","black",0.881038477754968,1.17050954105999e-79,0.486161395663984,1.06058139461747e-15,TRUE
"PELO","black",0.880730922093889,1.56329144364609e-79,0.479892807123812,2.76011103511404e-15,TRUE
"MMP2","black",0.879433208554469,5.25390542108943e-79,0.395185168184414,1.96619026825517e-10,TRUE
"CTTNBP2NL","black",0.878799842606507,9.44537368180809e-79,0.544455600595848,5.31166346389547e-20,TRUE
"SRGAP2","black",0.877606642316139,2.82660489420845e-78,0.401594533092344,9.37404665883115e-11,TRUE
"LUM","black",0.876917202273466,5.29741733441695e-78,0.396762824622789,1.6408829813831e-10,TRUE
"FXYD3","pink",0.876896410781336,5.39840569515565e-78,0.557552803663535,4.35961539957993e-21,TRUE
"PLXDC2","black",0.876113085127751,1.09691886243938e-77,0.389059192428117,3.93296105363505e-10,TRUE
"TMEM45B","pink",0.875624273879676,1.70317225191745e-77,0.531271948751994,5.90618904016132e-19,TRUE
"ASAP2","pink",0.875576668316782,1.77756390629361e-77,0.608734027068908,7.94568077926432e-26,TRUE
"THY1","black",0.872951892945344,1.82753940565525e-76,0.409727161023409,3.578696073521e-11,TRUE
"BMPR2","black",0.87226235171347,3.34200233197285e-76,0.445013880774803,4.01159282199135e-13,TRUE
"ITGB4","pink",0.871762759003548,5.16398357013731e-76,0.609868834592478,6.09809935300017e-26,TRUE
"IFI16","black",0.870878050064492,1.11096727200583e-75,0.365587603748585,4.92501762795923e-09,TRUE
"ITGB5","black",0.870617134083998,1.39109320041474e-75,0.548029019613934,2.7145276745903e-20,TRUE
"ZEB1","black",0.870367762093986,1.72382175834704e-75,0.363771059590384,5.93962718595885e-09,TRUE
"TRPS1","black",0.869971736435404,2.42105630558544e-75,0.407685005227714,4.56880718143045e-11,TRUE
"ITGA2","pink",0.868566872036201,8.00591126954068e-75,0.61539217885225,1.65618623971614e-26,TRUE
"SGPP2","pink",0.868225940828344,1.06796377458922e-74,0.52979150724762,7.69030689250031e-19,TRUE
"ANXA1","black",0.867356982351546,2.21794604599572e-74,0.386724020978782,5.10356844713048e-10,TRUE
"JUP","pink",0.864766369096597,1.90118457771768e-73,0.528457475203916,9.74458242719613e-19,TRUE
"FERMT1","pink",0.864690743446588,2.02288679452267e-73,0.558897035843484,3.35184698111491e-21,TRUE
"RBMS1","black",0.864002341670786,3.55237853595095e-73,0.387287106231445,4.79369119178716e-10,TRUE
"CORO2A","pink",0.863695226630128,4.56233052092354e-73,0.571830695865052,2.51148429518232e-22,TRUE
"CDH3","pink",0.863594807539262,4.9506342921148e-73,0.619611877676237,6.01243827729013e-27,TRUE
"VCAN","black",0.863529319500815,5.22131568070216e-73,0.521177222534417,3.48314930284166e-18,TRUE
"ITPR3","pink",0.863473860518521,5.46196767990426e-73,0.585337504015709,1.48101433237124e-23,TRUE
"SFN","pink",0.863332073906885,6.12830852047263e-73,0.595293281364987,1.6867689783643e-24,TRUE
"MPZL1","black",0.863204374870042,6.79699612079583e-73,0.490919879636435,5.06415358774268e-16,TRUE
"SULF1","black",0.862706758468703,1.01659432983731e-72,0.58249236727434,2.71817424047294e-23,TRUE
"AXL","black",0.861625922053073,2.42398727756582e-72,0.44899711996686,2.33685762515258e-13,TRUE
"ZNFX1","black",0.861536222666786,2.60438903518904e-72,0.479804986224435,2.79695725091559e-15,TRUE
"C1R","black",0.861449625885181,2.79114423389391e-72,0.275086293013221,1.47656089936656e-05,TRUE
"CALD1","black",0.860795204560309,4.7034424478364e-72,0.430021467081205,2.88211355484902e-12,TRUE
"IGFBP5","black",0.86041982141003,6.33715239060267e-72,0.512299537249883,1.5807388782577e-17,TRUE
"PRDM1","black",0.860204809451021,7.51426694634833e-72,0.452551851570242,1.43416770068603e-13,TRUE
"LIPH","pink",0.859812994996271,1.0242484282961e-71,0.49658433094073,2.06913084344894e-16,TRUE
"AP1S3","pink",0.859747328987933,1.07872308903885e-71,0.549596623266662,2.01696863039256e-20,TRUE
"MLPH","pink",0.856428047449935,1.4315187183587e-70,0.595605807531195,1.5736428679263e-24,TRUE
"APBB2","black",0.856301959146749,1.57722424087665e-70,0.37838978082034,1.27214220556702e-09,TRUE
"LPCAT4","pink",0.853857791090823,1.01404723547926e-69,0.553220818068366,1.00894181055315e-20,TRUE
"GALE","pink",0.853725083158875,1.12076790331441e-69,0.534942661843748,3.05234650845966e-19,TRUE
"MYH9","black",0.853429908634386,1.39965723123233e-69,0.445157943749043,3.93443242717716e-13,TRUE
"SLC2A1","pink",0.85235971099558,3.11995723559112e-69,0.629365391593289,5.44416055325845e-28,TRUE
"TLN1","black",0.852004477955316,4.06532004345268e-69,0.314217460337984,6.38167215101232e-07,TRUE
"DSE","black",0.850718904869534,1.0533572801271e-68,0.378085852109161,1.31459119640036e-09,TRUE
"FAM83B","pink",0.850692697382214,1.07390125436468e-68,0.49597106808028,2.28150138148026e-16,TRUE
"GREM1","black",0.850652584512437,1.10611631942651e-68,0.477777793332691,3.79464694302445e-15,TRUE
"SMAGP","pink",0.850058923589041,1.71134598523717e-68,0.503429803550347,6.85987518840313e-17,TRUE
"OCIAD2","pink",0.849986442324807,1.80477293468668e-68,0.520265591767918,4.07674758647696e-18,TRUE
"ITGB6","pink",0.848554530852795,5.12850864245562e-68,0.552475464132579,1.16421838169537e-20,TRUE
"EFEMP2","black",0.848514982082398,5.27778610133782e-68,0.322404409253514,3.11565727127426e-07,TRUE
"MBOAT2","pink",0.848313902495276,6.10592153432166e-68,0.603084057191616,2.92122055300123e-25,TRUE
"MARVELD1","black",0.847834550640403,8.63535902011485e-68,0.484306144971701,1.41047873615335e-15,TRUE
"JPT1","pink",0.847399182456919,1.1818115586086e-67,0.540866861918068,1.03404732318916e-19,TRUE
"WDR1","black",0.845770763353401,3.78864824055678e-67,0.445907380281972,3.55581470464255e-13,TRUE
"BCAS1","pink",0.845489709222258,4.6260743455605e-67,0.553566426943548,9.44032288859743e-21,TRUE
"NNMT","black",0.844892953950511,7.05973273321165e-67,0.335683439468476,9.30165621719073e-08,TRUE
"S100P","pink",0.84318550380991,2.34307871501811e-66,0.574152024817465,1.55836595874711e-22,TRUE
"FSTL1","black",0.842797152475827,3.07196183039085e-66,0.347244738367433,3.0967021058693e-08,TRUE
"RAB34","black",0.842525194696939,3.7119316855662e-66,0.438647036710233,9.37880217478591e-13,TRUE
"TGFBI","black",0.842047257768729,5.17192917945112e-66,0.47795037531117,3.69765583360424e-15,TRUE
"ZFPM2","black",0.841810208045999,6.09428614266391e-66,0.241995785755153,0.000148362088533071,TRUE
"NREP","black",0.841592571678313,7.0835837640173e-66,0.512444070746002,1.54283112757531e-17,TRUE
"STING1","black",0.841010505711588,1.05801989111969e-65,0.430542213334807,2.69566216760502e-12,TRUE
"SEPTIN11","black",0.840886206807041,1.15242220870842e-65,0.335800725639788,9.20050613946281e-08,TRUE
"CTSE","pink",0.840759043279147,1.25762690928701e-65,0.622071542563488,3.30711268091941e-27,TRUE
"DOCK5","pink",0.840724228778583,1.28805134948888e-65,0.546303478239729,3.75756402804297e-20,TRUE
"TPM2","black",0.840521639213743,1.48010988320916e-65,0.452782474980818,1.38918001894649e-13,TRUE
"MGAT4B","pink",0.839913016862287,2.24452336043626e-65,0.501866925776644,8.84568166788023e-17,TRUE
"PKM","pink",0.839832887999892,2.37069191970105e-65,0.606303126206928,1.39569860907465e-25,TRUE
"ELK3","black",0.839786890266349,2.44626438210388e-65,0.382221391425144,8.38608491774968e-10,TRUE
"MIR492","pink",0.838067437251465,7.85010231633886e-65,0.551253630255212,1.47098901058413e-20,TRUE
"MTMR11","pink",0.837986413933971,8.29067585505597e-65,0.592126562721373,3.3939519361762e-24,TRUE
"AHNAK2","pink",0.836789307958249,1.85119623150297e-64,0.659997024651921,1.60490179997539e-31,TRUE
"CEACAM6","pink",0.836732150201207,1.92326340196109e-64,0.596970624047328,1.16106439404132e-24,TRUE
"MET","pink",0.83656967746654,2.14363526337593e-64,0.540834482664408,1.04024346018517e-19,TRUE
"LUZP6","black",0.836084593443554,2.96144266013857e-64,0.36173879148918,7.31428539773243e-09,TRUE
"NID1","black",0.835936371710379,3.26811841918339e-64,0.309066093608144,9.91176980291713e-07,TRUE
"CLDN12","pink",0.835197555908287,5.33301665605442e-64,0.488146229469866,7.80261991776143e-16,TRUE
"TMEM43","black",0.834791184004961,6.97432665274635e-64,0.384580243766355,6.47103547904973e-10,TRUE
"SLC6A6","black",0.834788557577046,6.98641526174394e-64,0.552747402827373,1.1050213013746e-20,TRUE
"FLNB","pink",0.833307082648854,1.84671424950503e-63,0.543677014916699,6.14173745041798e-20,TRUE
"CEACAM1","pink",0.831820222580144,4.85204735733679e-63,0.546890731937344,3.36464314363119e-20,TRUE
"ERO1A","pink",0.83108098376114,7.81589351954391e-63,0.514972968321044,1.00706598916738e-17,TRUE
"TBC1D2B","black",0.830778499839147,9.49318702797868e-63,0.358310381247182,1.03578679724506e-08,TRUE
"TCF4","black",0.830161576238584,1.40960854926258e-62,0.250515160389707,8.43478926373053e-05,TRUE
"TRIM16","pink",0.829725292781497,1.86250206399291e-62,0.565103787574985,9.80361151574196e-22,TRUE
"SDCBP2","pink",0.829483572664386,2.17263648071807e-62,0.509936407048051,2.34698770394787e-17,TRUE
"LBH","black",0.829287936813477,2.46063747023755e-62,0.44170790500997,6.2487140235674e-13,TRUE
"COL4A2","black",0.82926101315845,2.50312266915576e-62,0.472004361382823,8.94802572958308e-15,TRUE
"GLT8D2","black",0.829192149838548,2.61512001607866e-62,0.322773675459383,3.01499139660097e-07,TRUE
"ARPC1B","black",0.828503735526072,4.04631488186194e-62,0.456837547259015,7.90084980054324e-14,TRUE
"SERPINB5","pink",0.828394421155079,4.33594452517969e-62,0.571382181087162,2.75288267888889e-22,TRUE
"COL6A3","black",0.828312209335575,4.5671979831943e-62,0.435467844185269,1.42383362980872e-12,TRUE
"LOX","black",0.827339984916295,8.42570661072091e-62,0.383488239382413,7.29802590551001e-10,TRUE
"MICAL2","pink",0.826951733398865,1.07485424818139e-61,0.597571759187091,1.01506735963434e-24,TRUE
"CYTH3","black",0.826602184740401,1.33760033041356e-61,0.447418813835997,2.89726715863266e-13,TRUE
"TRIO","black",0.826161612589675,1.76089095746358e-61,0.439032698724185,8.91300291891863e-13,TRUE
"FBN1","black",0.826027998651003,1.91372117115315e-61,0.369249009106539,3.3642628170112e-09,TRUE
"OSMR","black",0.825910216149454,2.05928481266764e-61,0.413060793589229,2.39338129424469e-11,TRUE
"ATP2B4","black",0.825447933126601,2.74438296367157e-61,0.42622593473006,4.67648490629081e-12,TRUE
"S100A11","pink",0.825187177588101,3.22579601451257e-61,0.622318214135855,3.11377596250748e-27,TRUE
"MALL","pink",0.825008859259919,3.60222564653066e-61,0.58092549450686,3.78802896316583e-23,TRUE
"ANXA2P1","pink",0.824855627582654,3.96020722196344e-61,0.608518948069044,8.35339276176942e-26,TRUE
"ZNF521","black",0.824520760189757,4.86967294049281e-61,0.297217667514515,2.64479947203024e-06,TRUE
"SSH1","black",0.824342899981473,5.43386229221158e-61,0.414668578775032,1.96814676255465e-11,TRUE
"EGLN3","pink",0.823816377196916,7.51158614550943e-61,0.540134741421522,1.18341661765538e-19,TRUE
"LEF1","black",0.823270438660476,1.04965456238595e-60,0.552968059831117,1.05916969892472e-20,TRUE
"KLF5","pink",0.823018983085987,1.22407803821106e-60,0.485114124847147,1.24604208478109e-15,TRUE
"PMP22","black",0.822626642327978,1.55512925693596e-60,0.306744293839932,1.20547695383821e-06,TRUE
"GLI3","black",0.822351604261547,1.83861029313545e-60,0.289141228741803,5.03833540582713e-06,TRUE
"SYT11","black",0.821903898810902,2.41323596722944e-60,0.336217899557682,8.84923227564448e-08,TRUE
"LRCH1","black",0.821441227596073,3.19381902512346e-60,0.458087338924866,6.6295106112086e-14,TRUE
"SLC6A14","pink",0.82085165774305,4.55925104360346e-60,0.623727055223658,2.20506191222514e-27,TRUE
"FMNL3","black",0.820827293441659,4.62668051020216e-60,0.357273646355152,1.1497698582027e-08,TRUE
"SERINC2","pink",0.820694424341713,5.0121446013887e-60,0.467518248761573,1.72350043167119e-14,TRUE
"ATXN1","black",0.819718048562582,9.00598167342544e-60,0.367352515607704,4.10092583426069e-09,TRUE
"HIP1","black",0.819706308268373,9.06947119754645e-60,0.31795621695768,4.61191512242476e-07,TRUE
"FUT11","black",0.819356745030202,1.11768656564475e-59,0.435634881019207,1.39309248937716e-12,TRUE
"TRIM29","pink",0.819080285065421,1.31808466685596e-59,0.595660985994923,1.55446050838495e-24,TRUE
"PLAU","black",0.818814533176445,1.54410592480504e-59,0.584487161142422,1.77684377116548e-23,TRUE
"PERP","pink",0.818498262770211,1.86350285442789e-59,0.470759665080189,1.07431616459955e-14,TRUE
"GNB1","black",0.817705891136411,2.97990820220165e-59,0.394633573766145,2.09406679136696e-10,TRUE
"ANXA2P2","pink",0.817370732120674,3.63194283343615e-59,0.591835500550664,3.61782536872443e-24,TRUE
"ADAMTS12","black",0.817056234835713,4.37136288485215e-59,0.552778200717852,1.09850642562755e-20,TRUE
"MCU","pink",0.816948217091858,4.65824319573978e-59,0.487179592093864,9.06293129991327e-16,TRUE
"TMEM54","pink",0.816453907205308,6.22754383103226e-59,0.460735403256314,4.56052481536488e-14,TRUE
"TNFAIP6","black",0.816286772448308,6.86855675415943e-59,0.410634601906841,3.20891019824282e-11,TRUE
"ADGRF1","pink",0.816201919395586,7.21855945267603e-59,0.521302666595132,3.40841070970988e-18,TRUE
"NID2","black",0.816194357413362,7.25059460978925e-59,0.272280082441185,1.81750498025115e-05,TRUE
"COL1A1","black",0.815133674351808,1.34660485857304e-58,0.477007842115588,4.25855176605776e-15,TRUE
"PDLIM7","black",0.813908960758503,2.73867652974454e-58,0.570268982478037,3.45501168119781e-22,TRUE
"GPC6","black",0.813871885589503,2.79793884151027e-58,0.353594250838043,1.66042299288468e-08,TRUE
"MAP4","black",0.81368386395113,3.11858147542324e-58,0.349806635611633,2.41215635774861e-08,TRUE
"PLCG1","black",0.813544705797087,3.37906252576892e-58,0.34237781193893,4.94708758221741e-08,TRUE
"CLTB","pink",0.812724736318046,5.41363886745442e-58,0.512233191843245,1.59844409113932e-17,TRUE
"PFKP","pink",0.812558827155517,5.95365230298635e-58,0.550256535227155,1.77907210323013e-20,TRUE
"CDC42SE1","black",0.812316952592583,6.83772437640826e-58,0.427300200240896,4.08027310368539e-12,TRUE
"TMC5","pink",0.81194697943808,8.44725533430355e-58,0.520718178914405,3.77060131055631e-18,TRUE
"KRT7","pink",0.811700953020453,9.71966903440061e-58,0.516188751284966,8.19300957334961e-18,TRUE
"CAPN2","pink",0.811609574737076,1.02390874346783e-57,0.555899051379925,6.01440412965318e-21,TRUE
"MXRA5","black",0.811553334693138,1.05723277997655e-57,0.497317448417786,1.84056214038546e-16,TRUE
"TMEM266","black",-0.811018765627686,1.43267678533648e-57,-0.431694209907983,2.32398806050846e-12,TRUE
"SPTAN1","black",0.810944162115446,1.49462886438223e-57,0.326842665918907,2.09339574927301e-07,TRUE
"LMO7","pink",0.810405982010648,2.027308576395e-57,0.506328699484806,4.26590746763282e-17,TRUE
"POSTN","black",0.81000133625569,2.5478854785645e-57,0.57859962263867,6.17937485717655e-23,TRUE
"SLPI","pink",0.809502445788683,3.37466711730985e-57,0.56723146282679,6.39397457465655e-22,TRUE
"STK38","black",0.809344677042331,3.68768070204472e-57,0.424150092736758,6.07828439909358e-12,TRUE
"TSC22D1","black",0.808086723155841,7.45809098766072e-57,0.456470891932358,8.31701938853379e-14,TRUE
"SPON1","black",0.807811554609499,8.69428916053425e-57,0.293961994491218,3.43754465320645e-06,TRUE
"GPRC5A","pink",0.807752121004171,8.98682432617004e-57,0.610878145284084,4.81481052601286e-26,TRUE
"MR1","black",0.807743099853778,9.03207008724879e-57,0.418046280453639,1.30048149888442e-11,TRUE
"MYL6","black",0.807667355771394,9.42096559231569e-57,0.453470689600724,1.2629661096694e-13,TRUE
"WBP1L","black",0.807084833613714,1.30204363176276e-56,0.340465284624442,5.93405154733261e-08,TRUE
"CBLB","black",0.807035964530799,1.33780598302288e-56,0.297306089797761,2.625917131351e-06,TRUE
"GNS","black",0.806851147234286,1.48206218448841e-56,0.314286420091973,6.34381029548864e-07,TRUE
"TOP6BL","pink",0.806824524598252,1.50407250531692e-56,0.508491887125495,2.983891182171e-17,TRUE
"ANOS1","black",0.806483121620029,1.8166984826417e-56,0.52605394193959,1.48892775774908e-18,TRUE
"EDIL3","black",0.805870426053242,2.54717912894705e-56,0.546336698716873,3.73418149582844e-20,TRUE
"ZFHX4","black",0.805647551451246,2.87952759729622e-56,0.302610993451429,1.70096883627097e-06,TRUE
"NQO1","pink",0.805531519160885,3.0691837682167e-56,0.608034094341808,9.34958504070916e-26,TRUE
"EFNA5","pink",0.805376519209161,3.34193939901505e-56,0.596084118724789,1.41481539433354e-24,TRUE
"TNFRSF21","pink",0.805370459075817,3.35307722554737e-56,0.532424815805124,4.80448154205519e-19,TRUE
"CLDN4","pink",0.805333160904275,3.42244010951592e-56,0.44731256173593,2.93938206439545e-13,TRUE
"ERN2","pink",0.804754968392012,4.69826447880018e-56,0.50474419564413,5.5337299477097e-17,TRUE
"YWHAB","black",0.804013459272276,7.04259737967668e-56,0.431731341914708,2.31287962225044e-12,TRUE
"NECTIN4","pink",0.803958115796786,7.25810712564977e-56,0.512802972646125,1.45251211446596e-17,TRUE
"SBF2","black",0.803109363687572,1.1509540270689e-55,0.333346565675366,1.15548010587024e-07,TRUE
"PYGB","pink",0.803049093563103,1.18915783349945e-55,0.59199867941758,3.49058357632722e-24,TRUE
"PEAK1","black",0.801776808868264,2.36300591410303e-55,0.256015799569488,5.79546737776578e-05,TRUE
"IFITM2","black",0.801677856465113,2.49211675733917e-55,0.287930170790701,5.54017286164205e-06,TRUE
"INHBA","black",0.801192423053105,3.23384440326592e-55,0.546155830110857,3.8632394020494e-20,TRUE
"GSTA3","black",-0.800398702179156,4.94373945511374e-55,-0.349208158847213,2.55762750050811e-08,TRUE
"ALDOA","pink",0.800310210627973,5.18269424673554e-55,0.559927093152586,2.73811777149815e-21,TRUE
"MMP14","black",0.800176063863674,5.56688767856504e-55,0.617456767319669,1.01072005201553e-26,TRUE
