"","ID","Description","setSize","enrichmentScore","NES","pvalue","p.adjust","qvalue","rank","leading_edge","core_enrichment"
"hsa04972","hsa04972","Pancreatic secretion",97,-0.727904211267528,-2.84182344679164,1e-10,5.85e-09,3.33333333333333e-09,615,"tags=34%, list=3%, signal=33%","5320/482/3784/111/489/107/81579/23236/9545/6344/6262/1131/5645/5646/1080/8671/5644/1504/440387/1357/1360/23436/279/10136/5319/1506/1056/51032/63036/1358/5406/5408/5407"
"hsa04382","hsa04382","Cornified envelope formation",212,0.654234405072938,2.32861160907816,1e-10,5.85e-09,3.33333333333333e-09,1623,"tags=25%, list=8%, signal=23%","3918/3914/3880/51208/3691/3855/1308/3872/286887/29943/140576/3853/1830/57402/6282/25984/3909/3854/3728/6707/1829/6281/5339/9069/3868/9076/3856/1284/1282/6277/6768/6275/6698/26154/1364/64834/6699/3852/1366/5493/3866/823/6273/3860/3655/9517/5652/5522/6700/5010/5046/3861/667"
"hsa04518","hsa04518","Integrin signaling",152,0.652211531583056,2.27077212758471,1e-10,5.85e-09,3.33333333333333e-09,2106,"tags=41%, list=11%, signal=37%","3918/3914/3673/3694/2335/3675/3691/7058/55612/1277/4233/1278/1311/22801/1293/3909/2200/3693/2316/87/2317/6696/5159/5879/3678/1284/56034/3696/3910/81/1282/60/3690/3371/3685/7040/2064/3383/7414/5880/3688/999/3655/1499/3689/3912/83706/7422/7057/3684/3915/7059/3687/595/1291/7094/71/5156/3913/3987/3381/1956"
"hsa04820","hsa04820","Cytoskeleton in muscle cells",231,0.623208599635737,2.24820542456634,1e-10,5.85e-09,3.33333333333333e-09,2816,"tags=39%, list=14%, signal=34%","3673/3694/2335/1462/3675/3691/7058/1277/1301/1278/1311/633/22801/1290/1281/1293/2026/3728/2200/3693/1829/9260/6382/2274/7169/6385/5339/72/3678/1289/1284/2023/3696/1282/3339/7171/60/3690/3685/4811/7414/1824/375790/64423/10398/832/3688/79784/3655/1465/7791/91010/27295/4627/29766/79188/22795/27063/7057/272/481/6443/23353/7059/114793/1291/8572/7094/7168/4629/6709/71/81624/6444/483/1292/6711/829/10611/2275/4604/5318/1729/6645/84823/7136/2199/9672/1730/4001/1634"
"hsa04145","hsa04145","Phagosome",143,0.642000365515474,2.21765787439366,1e-10,5.85e-09,3.33333333333333e-09,3374,"tags=52%, list=17%, signal=44%","3673/7058/1311/4973/22925/3693/2215/2212/5879/3678/84790/2214/60/3690/4688/3685/4481/203068/2213/1520/7277/4360/3123/3688/9902/1536/7879/715/3689/3118/6891/5878/3117/7057/3134/3684/3127/3122/7037/3120/10383/7059/9341/64581/929/8992/527/3113/71/3109/811/1514/1535/10333/10376/4074/7846/9296/526/8417/10381/3115/5869/8685/7097/1778/9114/2209/7099/3119/718/537/245972/79659/1781"
"hsa04510","hsa04510","Focal adhesion",200,0.595000098403212,2.11875524953101,1e-10,5.85e-09,3.33333333333333e-09,2509,"tags=38%, list=13%, signal=34%","3918/3914/3673/3694/2335/3675/3691/7058/1277/4233/1278/1311/22801/1293/3909/3693/2316/87/2317/6696/5159/5879/3678/1284/56034/3696/3910/824/81/1282/330/60/103910/3690/3371/3685/2064/7414/4638/10398/5880/3688/3655/7791/5058/1499/2013/3912/10627/857/5595/7408/858/7422/7057/3915/387/7059/595/5578/1291/9564/7094/71/5156/3913/6093/3381/1956/5062/4659/8394/1292/5829/106821730/1729/2885"
"hsa05132","hsa05132","Salmonella infection",246,0.548212932859808,1.99076045907508,2.01247302654996e-10,1.00911147474148e-08,5.74992293299988e-09,3816,"tags=45%, list=19%, signal=37%","113146/51176/2316/3576/6237/3606/2597/10095/6281/5879/84790/302/330/60/103910/10109/578/8743/203068/6993/7277/10398/8797/4615/8795/7879/5058/5898/1499/29108/841/7295/6990/6934/10627/79026/5595/9265/10096/1785/5878/8767/9267/10392/3071/84516/10383/387/5287/3839/5216/197259/10093/929/834/5288/7132/127829/71/10097/5970/11035/64746/10333/9842/10376/23643/382/8655/9266/4074/7846/10787/3551/4646/10381/51429/3840/5869/55207/10094/7097/1778/375/7099/10552/257364/10121/8717/391/1432/581/5788/57617/5604/79659/3320/1781/10640/8772/8677/27128/9648/5868/8976/10006/836/3799/7186/10092"
"hsa05165","hsa05165","Human papillomavirus infection",322,0.516981801995355,1.90717485341293,2.57749525662312e-10,1.13087604384339e-08,6.4437381415578e-09,3533,"tags=35%, list=18%, signal=29%","3918/3914/3673/3694/2335/3675/3691/7058/1277/1278/1311/22801/1293/5315/3909/3693/6696/4600/5159/4599/3678/1284/3696/3910/1282/5584/7474/7472/3690/890/6773/3371/3685/578/6772/3688/3659/3655/1499/841/6934/84612/182/3912/84441/3845/7476/355/5663/5595/10379/4854/5522/8638/7422/3065/7057/3134/5610/29110/3915/7059/595/1021/1291/1017/8992/1739/7132/3455/527/5743/5518/3913/3381/1956/5970/8324/1292/7477/3280/7187/5829/9296/3551/8323/526/2885/3993/5925/896/1019/898/3911/10488/9114/5520/9134/9641/8717/581/537/245972/5604/7283/1026/2932/8772/1385/7157/9550/8321/9636"
"hsa04512","hsa04512","ECM-receptor interaction",88,0.681135716777044,2.22061098162705,3.03434355735156e-10,1.18339398736711e-08,6.74298568300346e-09,2090,"tags=44%, list=11%, signal=40%","3918/3914/3673/3694/2335/3675/3691/7058/1277/1278/1311/22801/1293/3909/3693/6696/6382/6385/3678/1284/3696/3910/1282/3339/3690/3371/3685/375790/3688/3655/3912/7057/3915/7059/1291/961/3161/3913/3381"
"hsa05130","hsa05130","Pathogenic Escherichia coli infection",196,0.559965868651044,1.98798342342759,2.89433675540405e-09,1.01591220114682e-07,5.78867351080809e-08,3896,"tags=47%, list=20%, signal=38%","51208/2149/55971/3576/4643/3606/2597/10095/2212/9069/9076/5879/84790/60/7430/1364/10109/2017/1366/578/8743/203068/7277/8797/4642/4615/3688/79784/8795/7456/5058/29108/4627/841/355/9181/5595/9265/10096/9267/4690/5010/3071/10383/387/4640/10458/10093/834/4629/7132/71/6093/10097/5970/5062/10376/382/9266/7846/10787/3551/4646/10672/10381/7009/2534/10094/375/7099/6714/10552/8717/100506658/1432/581/7082/8772/27128/8976/3554/4641/10006/57121/836/64005/7186/10092/4542/4628/9826/5777"
"hsa05152","hsa05152","Tuberculosis",175,0.573491434279317,2.01752495067463,4.30631863735724e-09,1.37410712882945e-07,7.82967024974045e-08,3733,"tags=46%, list=19%, signal=38%","22925/2215/7421/3552/3606/2212/7042/2214/1509/972/7040/6772/3656/2213/1520/2207/4615/4360/3123/9902/7879/841/3689/3118/5595/1263/5878/8767/3117/91860/3684/3127/3122/1051/5530/3120/387/3687/8915/7043/64581/929/805/7132/527/3113/817/3109/818/3459/5970/8877/843/10333/3460/3115/5869/64127/637/7097/9114/2209/7099/6714/3119/718/8717/3717/1432/581/537/245972/5993/8772/1385/3587/3588/4261/5868/836/3111"
"hsa05131","hsa05131","Shigellosis",242,0.531520895614827,1.92927790570514,6.08996753689111e-09,1.78131550454065e-07,1.01499458948185e-07,3895,"tags=45%, list=20%, signal=36%","3099/3710/3576/87/8354/3606/10095/5879/3678/598/8357/824/81/60/103910/8358/10109/10801/2017/80201/7414/831/340061/10398/4615/3688/8351/115004/823/643246/113026/3098/5331/29108/10627/9181/5595/7321/9265/10096/8767/9267/23157/23176/10392/826/55752/333932/29110/387/8915/5216/10093/5335/9564/7094/929/55054/834/7132/71/6093/1956/10097/5970/8878/382/64121/9266/9978/5829/3551/1729/7316/989/7335/10094/10616/5580/375/440093/3611/5330/7099/6714/10552/8968/718/8717/1432/581/2931/2932/6352/27128/7157/23048/10318/8976/5332/3554/8356/11335/54874/7186/10092/83660/9140"
"hsa04144","hsa04144","Endocytosis",241,0.52816133766649,1.91472326070746,1.28702018663497e-08,3.47495450391442e-07,1.9800310563615e-07,4023,"tags=45%, list=20%, signal=36%","11031/3561/8853/10095/5584/1212/10109/5371/3559/57154/832/50807/51510/163/7456/7879/23624/84612/857/7046/9265/10096/858/1785/4088/5878/7852/3949/9267/1173/3134/868/3303/7037/156/387/867/4734/10093/10890/8766/377/10617/9798/160/5156/23362/1956/10097/6455/8394/382/58533/9266/829/64750/30846/11021/29934/92421/10015/57132/64411/9897/5119/4218/378/27243/55737/57403/5869/25978/10938/84313/10094/30011/375/6714/10552/11311/10565/1759/830/23527/7048/79720/116985/27128/7251/1211/5868/9559/8976/55738/116984/51019/116987/3799/9146/5338/1213/10092/83737/8218/8027/51160/9765/23550"
"hsa05146","hsa05146","Amoebiasis",101,0.638378913119515,2.11572953524605,1.81022278325899e-08,4.53848712088504e-07,2.58603254751284e-07,2219,"tags=36%, list=11%, signal=32%","3918/3914/2335/6317/1277/1278/1281/3909/2769/3576/87/7042/1284/3910/81/1282/5272/7850/3315/7040/6318/7414/5052/7879/5331/3689/3912/5878/3684/3915/5578/7043/929/3913/5970/2776"
"hsa05205","hsa05205","Proteoglycans in cancer",201,0.545715410237486,1.9425615919858,2.3886244053e-08,5.58938110840199e-07,3.1848325404e-07,3308,"tags=38%, list=17%, signal=32%","3673/2335/1277/5328/4233/1278/5329/3710/4313/3693/2316/6237/6382/4318/6385/7042/4060/5879/3678/4478/3339/60/7430/7474/7472/3690/2017/3685/7040/2064/1839/3688/3091/7078/5058/1499/3845/6548/857/7476/355/5595/2065/858/8826/7422/7057/387/595/867/5578/5335/71/817/818/6093/1956/1514/4659/8324/7477/5829/8323/2885/7409/1634/6469/7097/2817/7099/6714/5499/7074/1432/5604/1026/6774"
"hsa04670","hsa04670","Leukocyte transendothelial migration",112,0.609641202164088,2.05138942314898,4.19280049114602e-08,9.19795607745159e-07,5.24100061393253e-07,2231,"tags=36%, list=11%, signal=32%","51208/4313/7070/87/4318/9069/9076/5879/4478/81/60/7430/1364/103910/4688/1366/3383/7414/1495/10398/5880/2771/3688/1536/1499/3689/10627/7408/7852/3684/5010/387/5578/5335/9564/83700/71/6093/1535/1500"
"hsa04975","hsa04975","Fat digestion and absorption",43,-0.735894952427826,-2.39011241052311,5.15238684187371e-08,1.06381634205745e-06,6.06163157867495e-07,970,"tags=26%, list=5%, signal=24%","8613/5320/81579/38/948/5319/1208/1056/5406/5408/5407"
"hsa04621","hsa04621","NOD-like receptor signaling pathway",177,0.554375357260624,1.94889093633137,5.62027105170659e-08,1.09595285508278e-06,6.24474561300732e-07,3626,"tags=38%, list=18%, signal=31%","84168/4938/3710/4939/118429/3576/4940/2635/3606/2633/1508/90550/3428/115361/598/330/2634/6773/6772/340061/4615/643246/1536/140609/5331/29108/841/7295/115362/5595/10379/8767/10392/29110/387/7128/55054/834/6041/3455/10010/55914/84674/5970/1535/11035/10059/24145/7187/3551/79184/9447/64127/10616/5580/5330/7099/22861/9641/1432/2919/3320/8772/6352/10135/331/5332"
"hsa05145","hsa05145","Toxoplasmosis",109,0.612472973926592,2.05301335943793,8.38976295166436e-08,1.5498983137022e-06,8.83132942280459e-07,3733,"tags=46%, list=19%, signal=37%","3918/3914/3909/7042/598/3910/330/240/7040/6772/4615/2771/3123/3688/3655/841/3912/3118/5595/3949/3117/3127/3122/3303/3120/3915/7043/7132/3113/3913/3109/3459/5970/23643/3460/3551/3115/3911/7097/7099/3119/3717/1432/6774/3587/3588/4261/331/836/3111"
"hsa05222","hsa05222","Small cell lung cancer",92,0.633512610533794,2.06734101590276,1.02599357636849e-07,1.80061872652671e-06,1.02599357636849e-06,4311,"tags=55%, list=22%, signal=44%","3918/3914/3673/2335/3675/3909/1164/598/1284/3910/1282/330/3685/578/3688/3655/5915/3912/3915/595/1021/1030/1017/9618/5743/3913/1871/5970/7187/3551/5925/1019/898/3911/4149/9134/581/1026/1647/7157/331/1287/836/7186/317/3908/1643/5747/10000/4790/6502"
"hsa04142","hsa04142","Lysosome",244,0.508292944113069,1.84435332696638,1.6883324523642e-07,2.82192709895159e-06,1.60793566891829e-06,5031,"tags=46%, list=25%, signal=35%","1510/130340/24141/1513/26031/1508/4864/968/6556/1509/7805/1212/10947/5476/4758/1520/1075/163/54/7879/1515/1173/1174/57707/23659/3423/4668/1200/5641/9516/1512/3073/121260/51296/8992/527/160/2799/127829/8673/1522/1514/4286/9842/114879/64121/55353/4074/2588/9296/2720/206358/526/2760/79158/55737/2581/8906/7030/55207/2717/6845/8907/9114/9741/114881/537/245972/10053/57617/2517/5538/23503/26503/9550/55004/1176/1211/2629/9559/1213/51382/8218/4126/64798/529/8763/10577/9179/5660/23312/6272/23163/535/528/57521/26088/7098/54982/164/4125/80208/3988/427/138050/23557/523/79036/55315/10542/9342/1186/3482"
"hsa05203","hsa05203","Viral carcinogenesis",193,0.538358370754698,1.90682103825469,1.9981167760573e-07,3.1879044927096e-06,1.81646979641573e-06,3887,"tags=45%, list=20%, signal=37%","5315/8342/87/440689/8362/8349/5879/85236/81/983/8343/8365/554313/8370/890/5366/85477/578/1111/3017/7534/8347/7529/841/991/5922/3845/8345/5595/10379/3065/5423/3134/5610/7533/8970/387/595/1021/1030/128312/1017/1739/8368/4067/8339/2934/4055/5970/1237/2958/1029/6672/7187/5829/11036/7532/2885/51564/5925/2967/896/1019/898/1388/10488/9114/6714/9134/718/8717/4791/581/245972/1026/6774/1385/7157/55869/8294/1642/10971/836/23352/7186/8367/9734"
"hsa04740","hsa04740","Olfactory transduction",402,-0.366585940403542,-1.67439922233766,2.1776940822646e-07,3.32335053423859e-06,1.89364702805618e-06,9341,"tags=72%, list=47%, signal=39%","219431/128360/390054/26339/219469/256144/81470/219438/81469/26189/125963/254973/392391/283160/119749/219453/390061/391114/124538/26648/81168/122740/403277/26338/135948/390190/219487/1261/219436/130075/10798/401665/390077/26539/283694/128371/81050/8590/127385/390882/282763/219447/120586/390037/26341/79541/144124/219477/121364/119687/26664/390036/390445/219952/219464/219983/8388/401993/284532/283159/1258/127062/26532/81328/26659/254783/390084/392309/4992/135946/127066/26735/390437/219873/391109/128367/283092/81466/26658/79310/138805/81127/390064/338755/81327/26595/119694/346517/150681/26737/26538/341568/79345/1260/810/8390/1262/390323/144125/121275/338751/26696/390152/390093/390439/441933/81439/138881/390157/283111/390083/390321/4991/26246/390113/4995/390892/120787/390649/389090/390197/26219/119765/26716/391189/8386/219981/81448/286365/403239/347169/4994/219986/4993/120776/390191/143496/392390/128366/391191/5566/121130/391196/81300/390883/390271/286362/219417/143502/390168/390275/390059/390155/219959/390148/256892/390142/283189/390648/219865/26693/390429/219957/282770/284521/442184/26686/283365/79295/255725/391107/51806/56656/390433/403284/219858/441670/128372/138802/390199/391190/163688/341416/219429/390201/347468/219960/26689/392138/8387/79339/219982/340980/219968/390072/442194/441639/162998/122748/126370/119678/81341/338674/219493/120775/127068/441608/219954/390265/402135/26692/390195/219958/6547/343171/122742/5568/401666/138799/219484/26497/392376/442361/283093/392392/401667/127074/390181/125962/390038/138883/219965/79544/81318/119772/127069/126541/391195/120793/343169/26211/390167/81697/390075/127623/390261/79473/57101/135941/341418/128368/121129/7932/387748/119692/284433/134083/391211/390081/390063/26534/81472/343563/729759/83988/343172/81797/219874/157/816/391192/3000/403244/390067/51764/127077/79290/5137/125958/5138/408/390264/6543/2788/219869/5997/219870/219875/338662"
"hsa04080","hsa04080","Neuroactive ligand-receptor interaction",359,-0.379044578622874,-1.72377107815568,2.27798133825018e-07,3.33154770719088e-06,1.89831778187515e-06,5339,"tags=45%, list=27%, signal=34%","3363/10800/146/55584/134860/3354/2642/2911/1901/57152/3061/2904/6019/1135/5026/1146/554/7200/2897/9294/2898/51083/4922/551/2862/148/2692/1444/155/3360/886/53637/2695/4985/57053/51052/2914/4295/2900/2557/116443/186/11255/22953/2905/1128/9002/3814/885/2693/2917/2492/2902/1442/10888/5020/8001/151/2916/7425/5030/51289/5340/2566/154/85569/2831/5028/2558/2837/1269/4852/1908/6915/64106/344838/113091/1268/10316/5025/6751/2901/5746/2890/6343/10424/7349/2587/2834/8484/1392/6753/153/5737/2688/6863/3361/1815/117/134/286530/6752/51738/283869/6869/1902/3972/114131/797/4543/89832/5179/5443/2893/79924/1395/5733/3355/150/2892/4889/185/1443/7068/552/256933/7432/152/116/1142/3952/2741/1511/2743/1139/2690/2740/2891/2562/1910/1140/5539/5734/2641/887/6344/7434/6750/5618/4886/23566/1131/27346/5023/5645/5646/727/80763/2925/170589/5644/3375"
"hsa04613","hsa04613","Neutrophil extracellular trap formation",180,0.538647304341771,1.89252366545472,3.86645545313988e-07,5.42850345620838e-06,3.0931643625119e-06,4283,"tags=44%, list=22%, signal=35%","8342/2215/440689/8362/8349/8354/2212/5879/85236/2214/8357/60/8343/8365/6404/554313/8370/8358/3690/4688/723790/3017/8347/5880/8351/1536/2359/9555/366/5331/3689/8345/5595/317772/3065/3684/8970/333932/8334/3015/5578/5335/64581/128312/8368/834/8339/71/8330/5970/1535/8329/51564/7097/8969/440093/5330/2209/7099/6714/8968/718/8335/1432/5604/3012/55869/8294/5332/8356/8332/2243/8367/9734/2266/4689/3683/10000/4790/10533"
"hsa05322","hsa05322","Systemic lupus erythematosus",125,0.580502456801934,1.97152245009379,5.7139571926904e-07,7.71384221013204e-06,4.39535168668492e-06,3163,"tags=48%, list=16%, signal=41%","8342/2215/87/440689/8362/8349/8354/2212/85236/2214/8357/81/8343/8365/554313/8370/8358/723790/714/3017/8347/3123/8351/713/716/9555/715/6628/3118/941/8345/317772/3117/3127/3122/3120/8970/333932/8334/3015/128312/6632/8368/712/942/3113/8339/6737/3109/8330/717/8329/3115/8969/440093/2209/8968/3119/718/8335"
"hsa05150","hsa05150","Staphylococcus aureus infection",88,0.611579121039479,1.9938453950707,7.12105582726529e-07,9.25737257544488e-06,5.27485616834466e-06,3157,"tags=45%, list=16%, signal=38%","3880/3872/25984/2215/2212/3868/2214/6404/3383/714/2213/3075/3123/3866/713/716/3860/2359/715/3689/3118/629/3117/3684/3127/3122/5724/3120/3861/712/719/3113/3109/717/3875/3115/54474/2209/3119/718"
"hsa04110","hsa04110","Cell cycle",156,0.544450967460383,1.89330499870028,1.0204780195578e-06,1.27924208880281e-05,7.28912871112714e-06,4695,"tags=51%, list=24%, signal=39%","2810/9133/5347/7042/699/57082/990/983/891/890/7040/1111/7534/7529/991/4088/3065/4173/994/7533/157570/10403/9319/4172/90381/595/7272/1021/9232/1030/7043/9184/1017/4085/5518/8318/7465/7027/1871/4175/9978/5885/1029/7532/151648/5925/114799/1022/896/1019/4176/898/23594/5111/9134/1874/1026/2932/8697/1647/27085/7157/55869/10971/996/4171/113130/4174/4193/9212/6502/995/5591/8317/1027/9700/2033/23047/4999"
"hsa05164","hsa05164","Influenza A",165,0.536998635724919,1.87576439983844,1.17678454213187e-06,1.42431508375271e-05,8.11575546297843e-06,3733,"tags=46%, list=19%, signal=38%","56649/4938/3627/91543/4939/3576/4940/4600/3552/3606/4599/3838/60/6773/5371/578/3383/6772/8743/8797/4615/3123/402569/8795/29108/841/3118/355/5595/10379/3117/5610/3127/3122/103/23586/3120/29110/1021/5578/8766/7514/64135/834/6041/7132/3455/3113/71/3109/3459/5970/56000/3337/7187/3460/3551/3115/896/637/1019/7099/3119/9641/8717/3717/581/5604/23633/8772/6352/4261/11100/836/4928/3111"
"hsa04950","hsa04950","Maturity onset diabetes of the young",26,-0.78668428936151,-2.31979173306367,1.35264517641667e-06,1.5825948564075e-05,9.01763450944445e-06,2718,"tags=73%, list=14%, signal=63%","389692/3651/3630/3110/50674/4821/4825/3171/6928/3170/222546/6514/5080/3175/4760/3087/168620/2494/3375"
"hsa05168","hsa05168","Herpes simplex virus 1 infection",168,0.535286009782294,1.87759180072173,1.4376811117944e-06,1.62782603303172e-05,9.27536201157677e-06,3810,"tags=43%, list=19%, signal=35%","4938/4939/4940/3678/598/684/330/3690/6773/972/5371/578/6772/567/340061/4615/3123/115004/841/6892/3118/355/10379/6891/3117/3134/5610/3127/3122/23586/3120/29110/64135/6041/7132/3455/3113/8764/3109/811/3459/5970/56000/55080/5819/6672/7187/3460/3551/3115/3054/637/7097/6714/29992/8892/3119/5499/718/9641/8717/3717/581/8772/6352/7157/6732/56829/836/3111/5451/7186/5500"
"hsa05100","hsa05100","Bacterial invasion of epithelial cells",77,0.623490647461543,1.99055259090685,1.91991452163443e-06,2.10590624091777e-05,1.19994657602152e-05,3867,"tags=55%, list=20%, signal=44%","2335/4233/10095/5879/3678/60/1212/10109/10801/2017/7414/1495/3688/999/1499/857/10096/858/1785/23157/23176/55752/23607/387/867/10093/9564/71/10097/5829/10094/6464/3611/6714/10552/391/1759/1211/8976/1213/10092/8218"
"hsa05160","hsa05160","Hepatitis C",151,0.54805535648778,1.9046469613879,2.31851855651783e-06,2.3935294509934e-05,1.36383444501049e-05,3504,"tags=40%, list=18%, signal=33%","51208/4938/3627/91543/4939/4940/4600/4599/9069/9076/1364/6773/1366/578/6772/7534/3434/7529/1499/841/3845/355/5595/10379/5522/3949/5610/7533/5010/23586/29110/595/1021/1017/6041/7132/3455/5518/1956/1871/5970/7187/3551/7532/2885/5925/637/1019/10197/5520/9641/8717/100506658/581/5604/1026/2932/6774/8772/7157/8554"
"hsa04151","hsa04151","PI3K-Akt signaling pathway",353,0.447825913060992,1.6569060102574,2.26653916403605e-06,2.3935294509934e-05,1.36383444501049e-05,3335,"tags=31%, list=17%, signal=26%","3918/3914/3673/3694/2335/3675/3691/7058/1277/1946/4233/1278/1311/22801/3561/1293/3909/2149/3693/1969/6696/5159/5879/3678/9180/598/1284/56034/3696/3910/1282/285/3690/3371/3685/3559/2069/2064/1942/7534/3566/59345/7039/3688/3655/374/7529/3667/3912/3845/5595/5522/2065/7422/4254/7057/7533/55970/3915/7059/595/1021/5578/1945/1291/2782/54541/1017/2790/3574/3455/5518/5156/3913/2997/3381/1956/5970/9470/4602/1292/3575/10161/3551/7532/2885/5562/896/1019/898/1944/1388/3911/2787/7097/10488/5008/7099/5520/10018/9134/672/3717/5604/2783/1026/2932/3320"
"hsa05140","hsa05140","Leishmaniasis",75,0.621709129972689,1.97697034931762,3.34596229405815e-06,3.35552218632689e-05,1.91197845374751e-05,4326,"tags=57%, list=22%, signal=45%","2215/3552/2212/7042/2214/4688/7040/6772/4615/3123/3688/1536/3689/3118/5595/3117/3684/3127/3122/3120/7043/3113/5743/3109/3459/5970/1535/3460/3115/7097/2209/7099/3119/718/3717/1432/3111/5777/4689/2002/3676/4790/4793"
"hsa00280","hsa00280","Valine, leucine and isoleucine degradation",46,-0.665074887231801,-2.20718771971381,3.84973878794952e-06,3.75349531825078e-05,2.13874377108307e-05,2378,"tags=50%, list=12%, signal=44%","1629/1962/594/549/1738/84693/26275/223/5095/3158/5096/587/4329/3033/224/54511/36/56922/34/586/38/18/316"
"hsa05162","hsa05162","Measles",132,0.539254067383909,1.84278879299889,5.75227263043962e-06,5.45688565752516e-05,3.10933655699439e-05,3456,"tags=36%, list=18%, signal=30%","3561/4938/4939/4940/4600/3552/4599/4478/598/6773/3559/578/6772/2213/4615/841/355/10379/5610/868/103/3303/23586/29110/595/1021/7128/1017/64135/3455/5970/7187/3551/896/637/1019/898/7097/7099/9134/4179/9641/8717/581/2932/6774/8772/7157"
"hsa04520","hsa04520","Adherens junction",93,0.590871987333565,1.92944265472068,6.39526369658581e-06,5.90720409868848e-05,3.36592826136096e-05,3284,"tags=45%, list=17%, signal=38%","51176/4233/4008/87/6591/81607/5879/81/60/103910/2064/7414/57154/1495/10398/5880/999/1499/6934/10627/5595/7046/8826/4088/387/10458/71/5770/6093/1956/5792/1500/5795/5819/64750/25945/11235/2534/6714/9855/7048/7082"
"hsa04517","hsa04517","IgSF CAM signaling",295,0.456610538741283,1.67242501081658,6.72006342203689e-06,6.0480570798332e-05,3.44618637027533e-05,2828,"tags=32%, list=14%, signal=28%","4008/8828/3556/87/10095/81607/5879/3678/84790/4478/1000/81/219699/5584/60/7430/5361/103910/3690/10109/5376/3383/7414/84189/4638/203068/7277/10398/55243/7204/3688/79784/999/23380/5058/1499/4627/3689/5921/84612/6091/10627/941/8499/5595/10096/2036/8826/79827/55558/4690/3684/4637/8573/23607/10383/387/3687/10458/5578/10093/3635/5335/9564/3937/83700/4629/4067/6709/942/1525/71/10097/9414/5792/5062/5819/10376/8500/382/8655/6711/7846/5829/106821730/2885/25945/10381/57823/7409/92154/2534/10094/91768"
"hsa04666","hsa04666","Fc gamma R-mediated phagocytosis",94,0.573722180723371,1.8739655935123,8.38335646652339e-06,7.10378357546812e-05,4.04773992904166e-05,3274,"tags=40%, list=17%, signal=34%","8853/2215/10095/2212/5879/2214/1072/10109/85477/2213/5880/50807/5058/5595/7408/10096/1785/5321/8612/3984/5578/10093/3635/5335/4067/2934/10097/8877/8394/382/3985/7409/10094/5580/2209/10552/5788/5604"
"hsa04360","hsa04360","Axon guidance",180,0.509343907066839,1.78956692108041,8.37131307437241e-06,7.10378357546812e-05,4.04773992904166e-05,3002,"tags=34%, list=15%, signal=29%","1946/4233/10512/1948/8482/2043/6237/1969/10371/22885/5879/219699/1072/7474/23654/5361/103910/10509/659/10154/1942/10398/5880/2771/3688/1947/23380/5058/5921/84612/3845/6091/10627/5595/54434/7852/55558/4690/3984/5530/387/5578/1945/5335/2050/1808/817/818/6093/2042/7220/5062/54910/54961/3985/106821730/29984/2534/6469/1944/3611/6714"
"hsa04810","hsa04810","Regulation of actin cytoskeleton",228,0.48333667329242,1.74051446314498,8.56243719742328e-06,7.10378357546812e-05,4.04773992904166e-05,2557,"tags=34%, list=13%, signal=30%","3673/3694/2335/3675/3691/22801/2149/3693/87/6237/5159/10095/5879/3678/4478/56034/3696/81/1072/60/7430/103910/3690/10109/128239/3685/85477/7414/4638/10398/5880/3688/79784/3655/5058/4627/3689/3845/6548/10627/5595/54434/10096/8826/51571/7852/3684/3984/3071/79837/55970/387/3687/10458/5216/10093/9564/4629/71/5156/2934/6093/81624/1956/10097/10152/5062/4659/8394/7114/54961/3985/5829/10787/106821730/1729/10672"
"hsa05170","hsa05170","Human immunodeficiency virus 1 infection",200,0.488420432798611,1.73923224340206,8.70264084743957e-06,7.10378357546812e-05,4.04773992904166e-05,3809,"tags=37%, list=19%, signal=30%","130340/3710/9133/5879/598/684/983/891/1072/578/1111/567/340061/59345/5880/4615/2771/115004/5058/841/27350/6892/3845/355/5595/6891/7852/91860/3134/1174/3984/5530/29110/55970/5578/5335/2782/2790/805/7132/7465/811/5970/55080/2776/920/5062/3985/9978/5829/3551/140564/106821730/60489/8906/637/8907/2787/7097/7099/8717/1432/581/10053/5604/2783/8772/6923/6921/2767/1642/836/7186/917"
"hsa04217","hsa04217","Necroptosis",151,0.531033983197479,1.84549288774872,1.03604772291393e-05,8.08117223872868e-05,4.60465654628415e-05,3793,"tags=40%, list=19%, signal=33%","5834/3552/824/330/6773/723790/6772/8743/8797/5836/823/1536/51510/8795/9555/29108/841/355/10379/317772/5321/5610/2512/8334/6778/3015/7128/197259/834/7132/3455/817/818/3459/8330/11035/8878/10059/92421/3460/57132/5119/8329/27243/25978/637/10616/8969/7099/8335/8717/3717/581/6774/3320/8772/3012/644591/331/8332/7186"
"hsa04210","hsa04210","Apoptosis",135,0.537718313049051,1.84057389631015,1.03496781478059e-05,8.08117223872868e-05,4.60465654628415e-05,3830,"tags=40%, list=19%, signal=32%","1513/3710/1508/84790/598/143/1509/824/330/60/10039/5366/578/8743/1520/7277/8797/1075/823/8795/841/1515/3845/355/5595/835/1512/1649/6709/7132/71/1522/1514/5970/843/10376/7846/3551/84823/637/4001/10018/8717/581/5604/1647/8772/597/7157/331/836/5783/7186/4000"
"hsa00260","hsa00260","Glycine, serine and threonine metabolism",39,-0.674779979909466,-2.16331918527998,1.10745585276604e-05,8.45036965914955e-05,4.81502544680886e-05,1081,"tags=33%, list=5%, signal=32%","55349/63826/29958/4128/1757/23464/2593/26227/1491/875/29968/27232/2628"
"hsa05412","hsa05412","Arrhythmogenic right ventricular cardiomyopathy",85,0.586503726993615,1.90004814119737,1.16973728452644e-05,8.73569759295279e-05,4.97760546606997e-05,2109,"tags=34%, list=11%, signal=31%","3673/3694/3675/3691/51176/22801/3728/3693/1829/784/3678/3696/1000/60/3690/3685/1824/1495/3688/3655/1499/6934/2697/6443/488/782/781/71/6444"
"hsa04933","hsa04933","AGE-RAGE signaling pathway in diabetic complications",99,0.573309431617344,1.89455896398335,1.37982033503656e-05,0.000100899361999548,5.74925139598566e-05,3697,"tags=46%, list=19%, signal=38%","2335/1277/50507/1278/1281/4313/3576/3552/7042/5879/1284/1282/7040/3383/6772/2152/5054/1536/113026/5331/3845/5595/7046/7422/4088/595/5578/7043/5335/183/5970/1906/5292/1729/1019/5580/5330/3717/1432/581/7048/6774/27035/1287/5332/836"
"hsa05166","hsa05166","Human T-cell leukemia virus 1 infection",214,0.482686108690889,1.72246890499075,1.50288986140287e-05,0.000107655988031104,6.13424433225663e-05,4267,"tags=41%, list=22%, signal=33%","6513/4316/3561/9133/7042/598/7850/890/3559/7040/3383/706/1111/567/2114/3123/991/3689/3845/3118/5595/7046/4088/3117/5423/3134/3127/3122/5530/113/3120/595/9232/1030/7043/9184/1017/7094/7514/1739/4488/4085/7132/3113/3109/4055/811/1871/5970/2113/920/1029/3551/5925/3115/896/1019/898/1388/64784/10488/9134/3119/109/4791/581/5604/7048/1026/8697/1385/7157/331/3554/5971/996/3111/108/917/83660/200186/2224/2002/3683/3560/10000/5534/4790"
"hsa04380","hsa04380","Osteoclast differentiation",132,0.520294238272207,1.7779975142354,3.3219999721331e-05,0.000233204398043744,0.000132879998885324,3417,"tags=37%, list=17%, signal=31%","1513/5468/3710/2215/3552/2274/2212/7042/5879/2214/3690/4982/6773/4688/7040/6772/2213/54/2355/5595/10379/7046/3726/5530/488/54209/3937/11006/7132/3455/3459/5970/1535/4286/8878/3460/3551/2885/2534/2209/8792/1432/4791/5604/7048/814/27035/7305/1385"
"hsa04390","hsa04390","Hippo signaling pathway",156,0.505460798851502,1.75771835171221,3.8874786455916e-05,0.00026755000090248,0.000152450142964376,3361,"tags=37%, list=17%, signal=31%","51176/3397/6591/122786/7042/5584/330/60/7474/7472/652/659/7040/7534/1495/5054/2736/999/374/7529/1499/3689/6934/84612/353500/7476/55233/7046/5522/10413/7005/4088/9231/7533/595/7043/1739/5518/71/25937/7003/1454/6788/166824/8324/7477/7532/8323/3993/84962/896/7159/1490/5520/5499/7048/2932/3398"
"hsa04530","hsa04530","Tight junction",168,0.499842757117787,1.75326955172282,4.24712114891155e-05,0.00028668067755153,0.000163350813419675,3284,"tags=39%, list=17%, signal=33%","51208/861/87/10095/9069/9076/5879/84790/4478/81/5584/60/7430/1364/103910/10109/2017/1366/2064/7277/10398/3688/79784/4627/57530/84612/10627/9181/51762/5522/7408/10096/27134/4637/5010/387/595/4734/79778/10093/83700/1739/4629/5518/71/5565/6093/10097/9414/10376/7846/3993/4218/5562/8189/1019/10094/23370/6714/10552/5520/5111/7074/100506658/7082"
"hsa05169","hsa05169","Epstein-Barr virus infection",193,0.487505984121212,1.72670607033423,4.85811158205918e-05,0.00032173531420807,0.000183324965360724,4326,"tags=49%, list=22%, signal=39%","4938/3627/4939/953/4940/5879/965/890/6773/578/3383/6772/567/4615/3123/841/6892/5707/3118/355/5704/10379/6891/3065/3117/3134/5610/3127/3122/23586/3120/29110/5714/595/1021/4734/7128/1017/4067/3455/3113/3109/811/1871/5970/55080/10213/5708/3280/7187/3551/5713/5925/3115/5717/896/637/1019/898/7097/9612/10018/9134/3119/5701/9641/8717/1432/4791/581/11047/1026/6774/1647/8772/7157/7431/9636/5709/836/5971/3111/5719/7186/917/317/4794/3683/1643/5706/4193/10000/4790/6502/4793"
"hsa04974","hsa04974","Protein digestion and absorption",100,-0.478189063221655,-1.86652556866662,5.23004480031247e-05,0.00033995291202031,0.000193705362974536,503,"tags=21%, list=3%, signal=21%","6543/131873/482/3784/4224/643834/6519/117247/5645/5646/5644/1504/440387/1357/1360/23436/10136/1506/51032/63036/1358"
"hsa04115","hsa04115","p53 signaling pathway",75,0.58110642137241,1.84785796036451,6.81565633187398e-05,0.000434962794997776,0.000247842048431781,4233,"tags=55%, list=21%, signal=43%","5268/2810/3486/9133/64065/598/983/891/3732/5366/1111/8797/5054/8795/51246/841/355/7057/10848/595/1021/1017/901/1029/896/637/1019/898/64393/9134/581/1026/1647/7157/9540/836/64326/317/1643/55240/4193"
"hsa05167","hsa05167","Kaposi sarcoma-associated herpesvirus infection",184,0.483500611406368,1.70183505594165,8.81553359691881e-05,0.000552545052235447,0.000314840485604243,3481,"tags=36%, list=18%, signal=30%","51176/3710/3576/5879/285/6773/578/3383/6772/59345/3091/643246/1499/841/6934/3845/355/5595/10379/7422/91860/3134/5610/5530/29110/55970/595/9976/1021/5335/2782/2790/805/4067/942/7132/3455/5743/1871/3459/5970/1237/7187/3551/7316/5925/637/1019/1230/2787/6714/718/9641/8717/3717/1432/581/5604/2783/1026/2932/6774/2919/8772/1385/7157/100507436"
"hsa04612","hsa04612","Antigen processing and presentation",63,0.609911248519683,1.88677784966399,0.000100219955119443,0.000617143934156569,0.000351648965331379,3733,"tags=51%, list=19%, signal=41%","1508/10437/972/1520/567/3123/5721/6892/3118/6891/3117/3134/3127/3122/3303/3120/5641/3113/3109/811/1514/55080/920/3115/10197/3119/5720/5993/3320/1385/4261/3111"
"hsa05323","hsa05323","Rheumatoid arthritis",91,0.555822640454581,1.81451704559315,0.000169168416455097,0.00100280858147106,0.000571400901123108,3466,"tags=47%, list=18%, signal=39%","4312/6364/1513/3576/6374/3552/3606/7042/7040/3383/3123/54/3689/3118/4314/941/7422/3117/3127/3122/3120/7043/8992/10673/942/527/3113/3109/1514/9296/526/3115/7097/9114/7099/8792/3119/537/245972/2919/1493/6352/9550"
"hsa04611","hsa04611","Platelet activation",123,0.513004122548193,1.74455787915075,0.000171420270336933,0.00100280858147106,0.000571400901123108,3890,"tags=40%, list=20%, signal=32%","3673/1277/1278/1281/2149/3710/2212/5584/60/103910/3690/4638/2207/2771/3688/5331/10627/5595/83706/7408/5321/6916/113/387/3937/7094/4067/71/6093/8673/8773/5742/2776/4659/5592/10672/2534/5330/6714/5499/109/1432/10125/5332/108/5500/2243/5908/83660"
"hsa03010","hsa03010","Ribosome",167,-0.409679229442449,-1.6901776731771,0.000165865630804039,0.00100280858147106,0.000571400901123108,5393,"tags=44%, list=27%, signal=32%","6187/65003/54148/6165/200916/6232/84311/6137/51373/6231/6136/6130/25873/6207/9349/6227/140032/6143/6150/7311/6124/65008/28957/140801/6222/11224/2197/6173/51069/6167/6235/79590/6230/64965/56945/51650/6204/116541/6218/6202/9045/6233/6128/6154/6122/6125/388524/6206/6194/6189/6161/6133/6152/6191/4736/6138/6135/51187/3921/6193/6201/6166/6157/6229/6129/6228/6159/6164/6146/6139/6192/6123/6144"
"hsa04514","hsa04514","Cell adhesion molecule (CAM) interaction",150,0.48295355905988,1.67930149428544,0.000198584695855692,0.00114267587287455,0.000651097363461285,2261,"tags=27%, list=11%, signal=24%","51208/1001/1462/6382/6385/9069/9076/3696/1000/965/1364/6404/3685/1366/3383/84189/3123/3688/999/3655/80380/3689/3118/941/80381/3117/3134/3684/3127/3122/5010/3120/83700/942/3113/1525/3109/5792/920/5819"
"hsa03272","hsa03272","Virion - Hepatitis viruses",47,0.623455767320354,1.8301929745022,0.000317606718928862,0.00179806384425856,0.00102453780299633,2508,"tags=36%, list=13%, signal=32%","51208/9069/9076/3339/1364/928/1366/4072/3949/5010/1803/10618/9798/1956/10015/57132/5119"
"hsa05135","hsa05135","Yersinia infection",135,0.488547721106826,1.67226624191431,0.00047410266500355,0.00264142913359121,0.0015050878254081,5061,"tags=50%, list=26%, signal=38%","2335/3576/3606/10095/2212/8935/5879/3678/60/10109/5880/4615/3688/7456/29108/2533/5595/10096/3984/29110/387/10458/10093/5335/9564/3937/834/71/6093/10097/5970/2776/920/8394/382/5829/3551/7409/10094/7099/6195/6714/10552/391/1432/5604/2932/8976/7186/10092/5747/3676/10000/4790/5586/9138/10163/23365/27040/2185/8874/1793/9475/3661/5606/4792/207/5290"
"hsa00270","hsa00270","Cysteine and methionine metabolism",51,-0.54517272196083,-1.85382319778668,0.000492880899421632,0.00270314368276551,0.0015402528106926,2183,"tags=33%, list=11%, signal=30%","191/51074/262/4144/2729/587/6723/1789/1036/3945/586/26227/4143/1491/875/29968/27232"
"hsa00640","hsa00640","Propanoate metabolism",32,-0.627262492731082,-1.97073266545846,0.000616208561513318,0.00308984578701678,0.00176059589003805,2378,"tags=56%, list=12%, signal=50%","1629/1962/51/594/8310/1738/79611/84693/26275/5095/8802/5096/4329/84532/23417/3945/32/18"
"hsa00512","hsa00512","Mucin type O-glycan biosynthesis",35,0.643728208759099,1.79516363131492,0.000606616095057201,0.00308984578701678,0.00176059589003805,1230,"tags=34%, list=6%, signal=32%","11227/9245/10331/55808/9334/56913/100528030/2650/55568/6482/2591/79695"
"hsa04350","hsa04350","TGF-beta signaling pathway",109,0.50874432588701,1.70531426209421,0.000586225626209368,0.00308984578701678,0.00176059589003805,2816,"tags=34%, list=14%, signal=29%","3624/26585/3397/2200/4052/7042/2615/652/659/7040/2014/6498/90/57154/3399/353500/5595/7046/4088/4681/3065/7057/7037/387/1030/7043/6667/2331/5518/6093/7027/7050/9978/64750/79639/79875/1634"
"hsa04218","hsa04218","Cellular senescence",149,0.472084399469244,1.64086480527693,0.000572325237131186,0.00308984578701678,0.00176059589003805,3456,"tags=34%, list=18%, signal=28%","3486/3710/9133/3576/6237/3552/7042/90550/824/983/891/2305/890/7040/1111/5054/823/3845/5595/7046/4088/91860/3134/5530/595/1021/1030/7043/1017/805/59341/1871/5970/2113/8878/1029/5925/678/896/1019/898/9134/5499/1432/1874/5604/7048/1026/1647/7157"
"hsa05202","hsa05202","Transcriptional misregulation in cancer",189,0.454742305152598,1.60653108090856,0.000610845372578375,0.00308984578701678,0.00176059589003805,4267,"tags=38%, list=22%, signal=30%","5327/5328/4233/860/3248/5468/3486/3728/2115/861/3576/8354/4318/598/8357/330/7850/8358/890/5371/578/8091/2120/6935/8351/6692/8842/4314/1848/3065/4300/3684/1051/862/333932/1649/929/6667/942/8861/5970/4286/2118/7030/55589/440093/2209/8968/51274/4149/5546/85414/581/7048/1026/3398/1647/597/7157/8356/3695/2530/64332/604/1643/5966/5747/6495/4193/1436/3560/4790"
"hsa05034","hsa05034","Alcoholism",177,0.454195483855076,1.59671141621768,0.000605028574444296,0.00308984578701678,0.00176059589003805,3985,"tags=36%, list=20%, signal=29%","8342/440689/8362/8349/8354/85236/8357/8343/8365/554313/8370/8358/723790/3017/59345/8347/2771/8351/9555/3845/8345/5595/317772/3065/91860/8970/333932/55970/8334/3015/2782/128312/2790/805/8368/8339/8330/2885/8329/51564/4129/6464/1388/2787/8969/10488/440093/8968/5499/8335/5604/2783/814/1385/3012/55869/8294/8356/8332/5500/8367/9734/136/5569"
"hsa05416","hsa05416","Viral myocarditis",63,0.572557974931242,1.77122443203124,0.000689470231853188,0.0034085077659221,0.00194216966719208,3733,"tags=54%, list=19%, signal=44%","1604/5879/60/3383/5880/3123/841/3689/3118/857/941/3117/3134/3127/3122/6443/3120/595/942/3113/1525/71/3109/6444/6645/3115/2534/637/3119/1982/8672/8082/836/3111"
"hsa05161","hsa05161","Hepatitis B",158,0.465117610332707,1.62228412243898,0.000706499128561421,0.00344418325173693,0.00196249757933728,5391,"tags=48%, list=27%, signal=35%","3576/4318/7042/3339/890/6773/7040/6772/7534/4615/7529/841/3845/355/5595/7046/4088/23586/29110/6778/5578/7043/1017/64135/1871/5970/843/7187/3551/2885/5925/637/898/1388/7097/10488/7099/6714/5111/9134/9641/3717/1432/581/537/5604/7048/1026/6774/8772/1385/7157/1642/10971/836/317/2002/1643/10000/4790/6654/7098/1959/2185/2033/3661/5606/7297/4792/207/5290/148022/4776/3718/3654/332"
"hsa05212","hsa05212","Pancreatic cancer",76,0.537821698081357,1.71498910386942,0.000839587287928438,0.00403691969949153,0.00230023914500942,3456,"tags=49%, list=18%, signal=40%","7042/5879/598/7040/578/2064/6772/7039/5880/5899/5898/3845/5595/7046/7422/4088/675/595/1021/7043/10928/1956/1871/5970/1029/3551/5888/5925/1019/5900/581/5604/7048/1026/6774/1647/7157"
"hsa04814","hsa04814","Motor proteins",193,0.448559146260677,1.58875957625101,0.000857480179862482,0.00406723706934772,0.00231751399962833,3933,"tags=33%, list=20%, signal=26%","59/4643/7169/72/9493/84790/7171/60/55083/103910/23303/3832/203068/81930/6993/10112/7277/10398/4642/832/9928/24137/79784/4627/6990/10627/4650/4637/1062/84516/10383/4640/80179/7168/4629/71/9585/11004/4648/10376/8655/829/56992/7846/4646/10381/7136/84376/1778/10121/4649/830/7283/79659/1781/4641/3799/64005/4542/4628/399687/63971/83658"
"hsa03050","hsa03050","Proteasome",46,0.598846227870472,1.75827471935733,0.000878337470448212,0.00408952229723279,0.00233021213517538,4437,"tags=65%, list=22%, signal=51%","5698/5721/5707/5704/5696/5691/5714/51371/10213/5686/5708/5685/5713/5684/5687/5717/10197/5690/5701/5720/11047/5683/5709/5682/5719/5688/5706/23198/5693/5700"
"hsa05410","hsa05410","Hypertrophic cardiomyopathy",98,0.505983150300911,1.670480094625,0.000885480611366644,0.00408952229723279,0.00233021213517538,2109,"tags=29%, list=11%, signal=26%","3673/3694/3675/3691/22801/3693/7169/7042/784/3678/3696/7171/60/3690/3685/7040/3688/3655/6443/488/7043/782/183/7168/781/71/5565/6444"
"hsa04915","hsa04915","Estrogen signaling pathway",135,0.476321662419878,1.63041725904007,0.000952887702077542,0.00434368290167815,0.0024750329924092,3417,"tags=29%, list=17%, signal=24%","3880/7031/3872/25984/3710/4313/4318/3868/1509/1839/7039/2771/3866/3860/5331/3845/5595/91860/3303/113/3861/805/6667/1956/2776/3875/8202/2885/6464/1388/10488/5580/54474/5330/6714/109/5604/3320/1385"
"hsa03250","hsa03250","Viral life cycle - HIV-1",64,0.553862907276243,1.7193304096079,0.00108552293197232,0.00488485319387543,0.00278339213326235,5035,"tags=56%, list=26%, signal=42%","4600/4599/684/636/27350/4131/7852/4300/4130/10955/7514/256987/920/10015/140564/60489/6829/7251/644591/23534/23299/9146/9638/200316/27125/6598/25920/9525/2033/5901/5300/128866/51497/29082/8178/55201"
"hsa04668","hsa04668","TNF signaling pathway",118,0.477838448170717,1.61321039171846,0.00114888730470444,0.00510454992343365,0.00290857545494795,4417,"tags=42%, list=22%, signal=33%","4323/6364/3627/6374/4318/330/3976/3383/3659/841/182/4314/355/5595/64285/3726/1051/6868/7128/197259/7132/5743/5970/11035/843/10059/1906/7187/3551/64127/1388/10488/8717/1432/5604/2919/8772/6352/1385/331/602/836/7186/83737/10000/4790/7133/79651/153090/9530"
"hsa04066","hsa04066","HIF-1 signaling pathway",109,0.493455523726488,1.65406609862975,0.00123709048072702,0.0054277344841898,0.00309272620181755,2440,"tags=34%, list=12%, signal=30%","6513/3099/112399/2026/7076/5214/5230/3939/2597/2023/230/285/80201/226/2064/5209/5054/3091/1536/3098/5595/7422/7037/5163/5578/5335/817/4055/818/1956/3459/5970/9470/5211/1906/9978/3460"
"hsa04148","hsa04148","Efferocytosis",156,0.453635327549979,1.57749748750315,0.00138588111136579,0.00600548481591844,0.003421928670039,3594,"tags=38%, list=18%, signal=32%","6513/8754/5468/3693/6566/4035/5879/4240/1849/3690/102/3685/240/558/7040/714/5029/713/3091/19/7879/26762/5595/5878/7057/1051/23659/6868/488/9564/389668/5467/961/712/834/29933/23250/5743/817/818/811/84868/8877/23200/682/24145/338440/51552/5732/5869/3717/1432/7376/57617/5604/1847/1385/23355/9392/5868"
"hsa05418","hsa05418","Fluid shear stress and atherosclerosis",140,0.465767464997172,1.60354934032922,0.0014269432790598,0.00603799827637288,0.00344045485833213,3632,"tags=38%, list=18%, signal=31%","1728/5327/4313/3552/6382/4318/6385/5879/7850/60/3690/652/4688/3685/659/3383/90/2950/5880/1499/7295/857/9181/858/7422/4259/91860/387/805/7132/71/59341/1514/9446/5970/1535/8878/1906/3551/5562/4780/2817/6714/1432/445/6612/3320/7341/27035/7157/3162/6613/3554"
"hsa05163","hsa05163","Human cytomegalovirus infection",215,0.429285537135577,1.53285402495428,0.00142817293657616,0.00603799827637288,0.00344045485833213,3793,"tags=39%, list=19%, signal=32%","3710/3576/5879/3690/3685/578/567/340061/59345/5880/2771/115004/1499/5331/841/6892/3845/355/5595/6891/7422/7852/91860/3134/5530/113/29110/55970/387/595/1021/5578/2782/9564/2790/805/6667/7132/5743/5156/811/6093/1956/1871/5970/55080/2776/1029/5829/3551/2885/10672/5925/5732/637/1019/1388/1230/2787/10488/5330/6714/109/8717/1432/581/5604/2783/1026/2932/6774/8772/6352/1385/7157/3587/3588/2767/5332/3554/836/108/7186"
"hsa04081","hsa04081","Hormone signaling",218,-0.342414527812128,-1.46472582682214,0.00144499104049949,0.00603799827637288,0.00344045485833213,2644,"tags=27%, list=13%, signal=23%","6751/11069/8503/53919/7349/2834/1392/2786/3630/6753/3480/153/51764/2688/1815/9630/6752/51738/3972/114131/797/5179/5443/1395/4880/10267/150/185/4881/1443/7068/115/552/7432/10268/152/2056/3952/4089/2690/2740/3643/3479/2788/111/26060/107/4842/269/23236/2641/887/9370/7434/6750/5618/117247/3375"
"hsa05211","hsa05211","Renal cell carcinoma",67,0.529394582111836,1.65671050318495,0.00149840679053462,0.00618753862914882,0.00352566303655204,3562,"tags=36%, list=18%, signal=29%","6513/4233/112399/7042/5879/7040/7039/3091/5058/3845/5595/7422/7043/2113/5062/9978/106821730/2885/7030/5546/5604/1026/6923/6921"
"hsa04964","hsa04964","Proximal tubule bicarbonate reclamation",22,-0.670385707375675,-1.89886788245484,0.00156854050558597,0.00640183392396133,0.00364776861764178,2058,"tags=41%, list=10%, signal=37%","5105/477/5106/482/762/358/27165/10991/8671"
"hsa00071","hsa00071","Fatty acid degradation",43,-0.54934545405015,-1.78421849892834,0.00178619612395332,0.00720637746560476,0.00410619798609958,2184,"tags=37%, list=11%, signal=33%","1962/51/8310/1376/223/37/3033/224/36/34/124/126/10455/38/125/33"
"hsa05133","hsa05133","Pertussis",73,0.534010832820413,1.69664896563517,0.00186239533048694,0.00742841773864677,0.00423271666019759,3217,"tags=44%, list=16%, signal=37%","3576/6374/3552/3678/1072/714/4615/2771/3688/713/716/3659/715/29108/3689/5595/91860/3684/10392/725/387/929/805/712/834/5970/23643/717/7099/718/1432/3394"
"hsa04926","hsa04926","Relaxin signaling pathway",128,0.469948567060562,1.60043398115833,0.00205121694439754,0.00808963087060152,0.00460947627954503,3626,"tags=33%, list=18%, signal=27%","4312/1277/1278/1281/59/4313/2769/4318/1284/1282/4322/7040/59345/2771/5331/3845/5595/7046/7422/113/55970/5578/2782/2790/1956/5970/1906/2885/6464/1388/2787/10488/5330/6714/109/1432/5604/7048/2783/1385/1287/5332"
"hsa00982","hsa00982","Drug metabolism - cytochrome P450",61,-0.481336057656845,-1.72947067421547,0.0022191211709204,0.00865457256658954,0.0049313803798231,1390,"tags=41%, list=7%, signal=38%","7367/2952/127/2330/7365/221357/1558/2947/2944/10720/2946/2940/1571/7364/2327/4128/79799/124/2941/126/7366/2938/125/2939/316"
"hsa00630","hsa00630","Glyoxylate and dicarboxylate metabolism",31,-0.592944003267957,-1.83124616884721,0.00224382573050976,0.00865475638910907,0.00493148512199947,1964,"tags=45%, list=10%, signal=41%","132158/4594/275/1738/81888/84693/5095/125061/5096/847/112817/48/84532/38"
"hsa05220","hsa05220","Chronic myeloid leukemia",75,0.515517997027567,1.63929359491291,0.00238359671858804,0.00909393965461307,0.00518173199693053,5195,"tags=55%, list=26%, signal=40%","861/7042/598/7040/578/3845/5595/7046/4088/3065/595/867/1021/7043/1871/5970/1029/3551/2885/5925/1019/6464/581/5604/7048/1026/1647/7157/613/1643/4193/10000/4790/6654/1027/51426/25/4792/207/5290/9846"
"hsa05414","hsa05414","Dilated cardiomyopathy",103,0.489124937268933,1.62393364451605,0.00247383852535553,0.00933674540214829,0.00532008285022695,2109,"tags=27%, list=11%, signal=24%","3673/3694/3675/3691/22801/3693/7169/7042/784/3678/3696/7171/60/3690/3685/7040/3688/3655/6443/113/488/7043/782/183/7168/781/71/6444"
"hsa00051","hsa00051","Fructose and mannose metabolism",33,0.633707976260698,1.7511270784361,0.00251646446750772,0.00939658540526817,0.00535417971810152,2895,"tags=48%, list=15%, signal=41%","3099/5214/57016/230/80201/226/5209/3098/7264/6652/231/7167/5211/57103/5213/2203"
"hsa03060","hsa03060","Protein export",31,-0.588966204057077,-1.81896114779089,0.00262926370620294,0.00971443748291824,0.00553529201305883,4815,"tags=55%, list=24%, signal=42%","6731/164153/29927/6730/7485/6729/60559/23478/28972/6728/10952/83943/7095/6734/11231/58477/90701"
"hsa05330","hsa05330","Allograft rejection",32,0.618697704386292,1.69417319300323,0.00303523711518336,0.0109988340959254,0.00626714193500023,3114,"tags=44%, list=16%, signal=37%","3123/3118/941/355/3117/3134/3127/3122/3120/942/3113/3109/3115/3119"
"hsa05417","hsa05417","Lipid and atherosclerosis",209,0.420841306758274,1.50249805674142,0.00303956383847511,0.0109988340959254,0.00626714193500023,4267,"tags=39%, list=22%, signal=31%","4312/4973/5468/30001/3576/3606/4318/5879/598/4688/3383/8743/8797/4615/1536/9619/8795/19/5331/29108/841/3845/4314/355/5595/1559/3949/91860/3303/5530/29110/387/5578/5335/1649/929/805/834/4067/7132/10010/817/818/5970/1535/10333/23643/7187/3551/7409/4780/637/7097/5330/7099/6714/1555/9641/3717/1432/581/2932/6774/2919/3320/27035/6352/7157/5332/836/5451/7186/5908/57534/317/4689/1573/5747/10000/5534/4790"
"hsa00650","hsa00650","Butanoate metabolism",25,-0.630856755446781,-1.84695966135741,0.00307111361666829,0.0109996008107201,0.00626757880952713,2499,"tags=44%, list=13%, signal=38%","54988/1962/7915/3158/3033/2572/54511/142827/6296/38/18"
"hsa05321","hsa05321","Inflammatory bowel disease",65,0.525738939105426,1.63752711069307,0.00327370080323906,0.0116067573933021,0.00661353697624052,3308,"tags=43%, list=17%, signal=36%","3561/3552/3606/7042/7040/6772/3566/3123/3118/4088/3117/3127/3122/3120/6778/7043/3113/3109/3459/5970/2625/3460/3115/64127/7097/7099/3119/6774"
"hsa05215","hsa05215","Prostate cancer",104,0.477334501185969,1.59101291355504,0.00335602228438319,0.011779638218185,0.00671204456876638,3462,"tags=35%, list=18%, signal=29%","5327/51176/5328/5159/4318/56034/7850/2064/6935/2950/7039/6692/1499/6934/3845/4314/5595/595/1017/5156/1956/1871/5970/3551/2885/5925/898/10488/9134/5604/1026/2932/3320/1385/7157/2346"
"hsa00350","hsa00350","Tyrosine metabolism",34,-0.575220623103213,-1.81825714276439,0.00369088066139261,0.0128267238826615,0.00730867457701508,2592,"tags=35%, list=13%, signal=31%","127/2954/1638/7173/3081/3242/4128/124/126/1644/125/316"
"hsa05230","hsa05230","Central carbon metabolism in cancer",69,0.524054134124229,1.65578058576303,0.00453141384634489,0.0155933947065398,0.00888512518891155,2321,"tags=35%, list=12%, signal=31%","6513/4233/3099/5315/5214/3939/5159/80201/9123/2064/3091/3098/441531/3845/5595/8140/3417/5163/6510/2539/5156/1956/5211/57103"
"hsa04640","hsa04640","Hematopoietic cell lineage",96,0.474204704647738,1.55853521373088,0.0047399044384186,0.016152489882378,0.0092036979386769,2328,"tags=30%, list=12%, signal=27%","3673/3675/1604/3552/3678/7850/928/3690/3559/3566/3123/3655/3118/4311/4254/3117/3684/3127/3122/7037/3120/966/1438/929/3574/3113/3109/920/3575"
"hsa04060","hsa04060","Cytokine-cytokine receptor interaction",289,0.383759970014618,1.40708445436835,0.00480633410108561,0.0162213775911639,0.0092429501943954,2440,"tags=19%, list=12%, signal=17%","3624/6364/3561/3627/3556/3557/6362/27242/3576/9547/6374/3552/3606/7042/9180/53833/7850/3976/4982/58191/652/7292/3559/659/7040/4283/51330/8743/90/3566/8797/8795/6357/353500/355/338376/7046/3597/7852/9966/8793/7043/1438/3574/10673/7132/3455/8764/4055/3459/3604/1237/920/3575/3603/3460"
"hsa04141","hsa04141","Protein processing in endoplasmic reticulum",169,-0.340692549084585,-1.40734196888423,0.00497295322702106,0.0166238722160418,0.00947229186099249,2095,"tags=21%, list=11%, signal=19%","7993/91319/55768/10130/596/51465/10483/4217/6745/64374/51619/10952/26232/5611/6747/7095/10277/51009/10961/22824/11231/2081/5034/4121/1410/5601/9451/6238/10905/7991/9709/6748/7494/6400/56605"
"hsa04981","hsa04981","Folate transport and metabolism",29,0.626224574418169,1.68100763874435,0.00523757976445087,0.0173433065785119,0.00988222597066203,1966,"tags=28%, list=10%, signal=25%","28234/8714/1719/7298/10599/4363/11309/10057"
"hsa00520","hsa00520","Amino sugar and nucleotide sugar metabolism",37,0.586974692001108,1.66929364150589,0.00576319158661519,0.0189054228682424,0.0107723207226452,3120,"tags=38%, list=16%, signal=32%","3099/2582/2821/80201/55276/9945/3098/10020/3073/1118/80146/55577/10007/7358"
"hsa04659","hsa04659","Th17 cell differentiation",107,0.457600716505624,1.53082724645616,0.00659021972579436,0.0212217167316864,0.0120921462858612,4326,"tags=41%, list=22%, signal=32%","3561/3556/861/196/3559/7040/6772/3566/3123/3091/3118/5595/7046/4088/3117/3127/3122/5530/3120/6778/5335/3113/3109/3459/5970/2625/920/3460/3551/3115/3119/3717/1432/7048/6774/3320/3554/3111/917/4794/3560/5534/4790/4793"
"hsa05206","hsa05206","MicroRNAs in cancer",276,0.383768864721314,1.40326021545547,0.00656061352396313,0.0212217167316864,0.0120921462858612,3550,"tags=26%, list=18%, signal=22%","5268/5328/1946/4233/5159/4318/7042/9493/3678/6768/7430/1591/6624/3690/3371/659/578/2064/8091/6935/1942/1545/8626/7078/3667/3845/406937/5595/4854/2065/23414/7422/3065/994/7057/387/595/4363/1021/5578/1945/5335/54541/7168/5743/5156/6093/1956/2146/1871/1786/1029/5292/3551/2885/9839/406988/6464/898/1944/407035/10018/9134/672/85414/5604/1026/6774/7157/7431/3925/3162/7329"
"hsa00514","hsa00514","Other types of O-glycan biosynthesis",46,0.54061334746439,1.587296934597,0.00786004595057636,0.0250806920786573,0.0142909926374116,1467,"tags=24%, list=7%, signal=22%","11227/56913/79709/100528030/8985/55568/2591/79695/727936/6480/2683"
"hsa00620","hsa00620","Pyruvate metabolism",47,-0.486471510073362,-1.64227591263429,0.00795432507994824,0.0251528657933498,0.014332117261168,2640,"tags=36%, list=13%, signal=31%","2271/127/5161/5105/1738/223/4200/5106/5160/224/84532/124/3945/126/32/38/125"
"hsa05120","hsa05120","Epithelial cell signaling in Helicobacter pylori infection",69,0.505084635298557,1.59584531222551,0.00871374379038803,0.0271919526777712,0.0154939901297842,4366,"tags=48%, list=22%, signal=37%","4233/3576/5879/102/1839/5058/10392/6868/5335/83700/8992/4067/527/1956/5970/9296/3551/526/9114/6714/1432/537/245972/7082/2919/6352/9550/836/51382/529/4790/535/528"
"hsa00600","hsa00600","Sphingolipid metabolism",54,0.525919967947938,1.58593940649822,0.00875410442332805,0.0271919526777712,0.0154939901297842,3570,"tags=44%, list=18%, signal=37%","130367/9334/253782/4758/9517/166929/55331/8612/3073/91012/7357/8877/55512/8879/2720/2760/2581/55627/2717/7368/8560/10558/2629/29956"
"hsa00670","hsa00670","One carbon pool by folate",36,-0.537501325121444,-1.7229741762462,0.00925879516744839,0.028259453076299,0.0161022524651276,2183,"tags=33%, list=11%, signal=30%","191/1738/4144/55349/29958/10840/1757/4143/1491/160428/875/27232"
"hsa03013","hsa03013","Nucleocytoplasmic transport",106,0.444499959589122,1.48418630581059,0.00919727608419163,0.028259453076299,0.0161022524651276,5552,"tags=46%, list=28%, signal=33%","3838/402569/3839/7514/9775/79228/56000/23214/9688/79902/55706/3840/9631/5905/55161/6612/7341/23633/9818/7329/6613/57187/23534/4928/30000/22985/84321/55705/23636/23511/7175/387082/22916/8480/9670/3837/57122/51808/5901/23165/1434/55110/2733/3836/65109/9939/79023/8563/23039"
"hsa03273","hsa03273","Virion - Lassa virus and SFTS virus",16,0.694929056999986,1.68216303066659,0.0101342111100352,0.0306647249967444,0.0174727777759227,1899,"tags=44%, list=10%, signal=40%","8828/5099/79784/5097/4627/7037/4629"
"hsa04622","hsa04622","RIG-I-like receptor signaling pathway",70,0.505576781999888,1.59551673819059,0.0104865921310785,0.0314597763932355,0.0179257985146641,4996,"tags=41%, list=25%, signal=31%","3627/3576/57169/340061/841/338376/103/23586/29110/64135/10010/5970/843/7187/3551/79132/9641/8717/1432/8772/9636/7186/9140/4790/4793/5300/80143/3661/4792"
"hsa04071","hsa04071","Sphingolipid signaling pathway",122,0.426306822659408,1.44797539832406,0.0113282771354063,0.0336968243604034,0.0192004697210276,3793,"tags=35%, list=19%, signal=29%","130367/5879/1509/253782/29095/165679/5880/2207/2771/9517/5331/166929/3845/5595/5522/387/4363/5578/91012/7132/140/5518/6093/5970/8877/2776/8879/10672/2534/637/5330/5520/8717/1432/8560/581/5604/7157/10558/29956/5332/5338/7186"
"hsa04657","hsa04657","IL-17 signaling pathway",92,0.464908052812793,1.51713394527938,0.0116384096375981,0.034182120014059,0.0194769914610023,3402,"tags=30%, list=17%, signal=25%","3934/4312/6364/727897/3627/3576/6374/4318/4322/841/4314/5595/5597/1051/29110/7128/9618/5743/5970/7187/3551/9641/8717/1432/2932/2919/3320/8772"
"hsa04650","hsa04650","Natural killer cell mediated cytotoxicity",113,0.445894816038349,1.50033625886332,0.0117764521918035,0.034182120014059,0.0194769914610023,3697,"tags=29%, list=19%, signal=24%","2215/5879/2214/3383/8743/8797/5880/2207/8795/5058/3689/3845/355/5595/5530/5578/5335/3937/3455/3459/154064/3460/2885/7409/2534/637/6464/6452/5604/7305/100507436/79465/836"
"hsa04015","hsa04015","Rap1 signaling pathway",208,0.396914583488083,1.41627571841096,0.0117835798339064,0.034182120014059,0.0194769914610023,3274,"tags=31%, list=17%, signal=26%","1946/4233/3397/2149/6237/1969/5159/5879/56034/5584/60/285/3690/1942/5880/2771/3688/5899/999/5898/1499/5331/3689/84612/3845/2533/5595/7408/26037/7422/4254/91860/7057/3684/113/387/5578/5216/1945/5335/9564/3937/7094/805/57568/71/5156/1956/2776/1500/23094/64411/7409/1944/5330/6714/5900/9855/7074/5587/109/1432/25865/5604"
"hsa01210","hsa01210","2-Oxocarboxylic acid metabolism",33,-0.53672367452001,-1.681847049735,0.0119950764649129,0.0345104249113479,0.0196640597785458,2540,"tags=39%, list=13%, signal=34%","5161/1629/594/1738/55753/100526760/3418/55526/587/5160/48/586/84706"
"hsa05219","hsa05219","Bladder cancer",40,0.555195845265828,1.59805492730784,0.0127714328690647,0.0364453084312334,0.0207665575106743,3456,"tags=60%, list=18%, signal=50%","4312/4313/3576/4318/2064/1839/999/3845/5595/7422/7057/595/1956/1871/1890/1029/1612/5925/1019/6714/1613/5604/1026/7157"
"hsa04070","hsa04070","Phosphatidylinositol signaling system",97,0.449807118301493,1.48241962508917,0.0129108271823305,0.0365459704919193,0.0208239148102104,3762,"tags=33%, list=19%, signal=27%","3710/8821/160851/1606/113026/5331/91860/79837/22876/1040/8898/5287/5578/3635/5335/805/5288/8394/80271/9677/8871/8527/5330/9162/5305/55361/3705/3631/55529/3636/5332/3612"
"hsa04620","hsa04620","Toll-like receptor signaling pathway",103,0.44750897247892,1.48576533572189,0.0136800821621056,0.0384136707111926,0.021888131459369,3411,"tags=28%, list=17%, signal=23%","1513/3627/3576/6696/5879/6773/4283/6772/4615/841/941/5595/10379/29110/929/942/3455/5970/10333/23643/7187/3551/7097/7099/9641/1432/5604/8772/6352"
"hsa02010","hsa02010","ABC transporters",44,-0.473284219462082,-1.55286007197282,0.0143538200228186,0.0392259443964516,0.0223509654680636,1331,"tags=27%, list=7%, signal=25%","23460/368/5243/5825/10350/21/6833/1672/10349/10351/23461/1080"
"hsa00980","hsa00980","Metabolism of xenobiotics by cytochrome P450",67,-0.414685047418642,-1.50348450647711,0.0142829158608459,0.0392259443964516,0.0223509654680636,1390,"tags=25%, list=7%, signal=24%","2947/2944/10720/2946/2940/1571/7364/22977/79799/124/2941/126/7366/2052/2938/125/2939"
"hsa05221","hsa05221","Acute myeloid leukemia",66,0.478157715515217,1.49307520345257,0.014416372726901,0.0392259443964516,0.0223509654680636,3409,"tags=35%, list=17%, signal=29%","51176/3728/861/890/5371/6934/3845/5595/1848/3684/862/595/5467/929/5970/11040/5292/3551/2885/2209/5604/6774/597"
"hsa03082","hsa03082","ATP-dependent chromatin remodeling",111,0.423912785723559,1.42579012174398,0.0141264441212258,0.0392259443964516,0.0223509654680636,5985,"tags=48%, list=30%, signal=33%","60/723790/9555/317772/8099/3065/8607/8334/3015/11177/71/8330/55257/5977/9219/8329/11176/29844/8969/6597/65980/6944/9643/8335/9275/86/3012/8332/57459/54891/6598/10933/124944/10856/85235/8331/54815/6760/57634/125476/54108/6601/79913/1108/29998/4798/94239/3014/54617/84295/8336/57504/5931"
"hsa04146","hsa04146","Peroxisome",81,-0.403992130159323,-1.53563493327393,0.0148579520617296,0.0398102379669245,0.0226838962774498,2646,"tags=33%, list=13%, signal=29%","83594/26061/5830/92960/10901/6342/1962/51/8310/8800/3418/8309/3295/5825/5827/5264/847/5191/11001/283927/54511/23417/1384/255027/10455/51555/2053"
"hsa00561","hsa00561","Glycerolipid metabolism",63,-0.423171800338062,-1.50972311738865,0.0148027683247092,0.0398102379669245,0.0226838962774498,700,"tags=19%, list=4%, signal=18%","84649/8611/223/8613/84513/224/4023/57678/1056/5406/5408/5407"
"hsa05320","hsa05320","Autoimmune thyroid disease",45,0.531465042623151,1.55936326823246,0.0160069582239426,0.0423601593697958,0.0241368429457526,3733,"tags=36%, list=19%, signal=29%","3123/3118/941/355/3117/3134/3127/3122/3120/942/3113/3109/3115/3119/1493/3111"
"hsa04623","hsa04623","Cytosolic DNA-sensing pathway",78,0.467938253345515,1.49127260627604,0.0160510005589255,0.0423601593697958,0.0241368429457526,4326,"tags=38%, list=22%, signal=30%","3627/3606/3428/340061/115004/29108/841/1687/5437/103/23586/29110/197259/834/5970/11035/51428/3551/9447/9641/5440/8772/6352/10146/836/51728/5434/4790/81030/4793"
"hsa05144","hsa05144","Malaria",48,0.509476954776354,1.49764821274811,0.0164462135201236,0.0430792607877864,0.0245465873434681,1735,"tags=31%, list=9%, signal=29%","7058/4233/1311/3576/3606/6382/7042/4035/7040/3383/4615/3689/7057/7059/7043"
"hsa05225","hsa05225","Hepatocellular carcinoma",167,0.396903870271917,1.38869589727368,0.0172692431832816,0.0449000322765323,0.0255840639752321,3527,"tags=31%, list=18%, signal=26%","1728/51176/4233/7042/598/60/7474/7472/7040/578/2950/7039/1499/6934/3845/7476/5595/7046/4088/4259/7012/595/1021/7296/5578/7043/5335/71/1956/1871/9446/8324/7477/1029/8323/2885/5925/4780/1019/6464/4041/6597/581/5604/7048/1026/2932/1647/86/7157/3162/8321"
"hsa05142","hsa05142","Chagas disease",101,0.443900912113314,1.47118623622984,0.0180190941182771,0.0465051620258475,0.0264986678209957,3626,"tags=37%, list=18%, signal=30%","2769/3576/7042/7040/714/4615/2771/5054/713/5331/841/355/5595/7046/5522/7043/712/7132/5518/811/3459/5970/2776/10333/3460/3551/7097/5330/7099/5520/718/1432/7048/8772/6352/2767/5332"
"hsa01250","hsa01250","Biosynthesis of nucleotide sugars",36,0.565575437885486,1.59195899123022,0.0190309268229479,0.0487580679916404,0.0277823749240116,3120,"tags=33%, list=16%, signal=28%","3099/2582/2821/80201/55276/9945/3098/7264/10020/80146/55577/7358"
