"","MEcyan","MEturquoise","MElightcyan","MEyellow","MEgreenyellow","MEred","MEgrey60","MEsalmon","MEtan","MEblue","MElightgreen","MEpink","MEgreen","MEmidnightblue","MEbrown","MEmagenta","MEblack","MEpurple","MEgrey"
"GSM5570968",-0.00697401413253592,-0.030012868993971,0.026078686207285,-0.0469966910364897,-0.0394317246625124,-0.038183837070384,-0.0394328622766576,-0.014270140610633,-0.020112076325925,0.0604894638372595,0.0179898867221203,-0.000336370912948247,0.0360544167466626,0.0372306482969667,-0.0472434078435253,-0.00828197817637888,0.0684352009387852,-0.018511705291988,-0.0137743101221578
"GSM5570969",-0.0133669628015364,0.0126613068092906,-0.060302755055467,-0.044814880314456,-0.0544641068074593,0.0944105726532209,0.149593260194281,0.0798741498693297,0.122786764871198,-0.0533046288859158,-0.0571679673474097,0.044142561517525,0.000857800907265838,0.0236526605386486,0.0344223535861701,0.0305430203155962,0.00353923995701888,-0.0387617466743949,-0.0130065607816825
"GSM5570970",-0.0187542724394243,-0.0222781194440299,-0.0892984027283799,-0.0623810685361393,0.0490388982650302,0.146810622343683,0.0391209389278512,0.0993915159094431,0.0730713241438266,-0.0535133381701599,0.0175548287588524,0.0711403544033754,0.0385055292972163,0.0355382373045592,0.0662190105303466,0.0851717121942392,0.00534753239274183,0.0625000042183224,-0.0337944024328526
"GSM5570971",-0.00697260665084056,-0.0480627160941108,-0.0823151124250482,-0.034569345406075,0.285256587290606,-0.00333946142333949,0.0327831886593101,0.0324786804169983,0.104027490358645,0.0829636948521578,0.0193796004288519,0.0440182105369873,-0.0096036159621187,0.101577713467392,-0.0752813223992757,-0.0632713426888143,-0.0949571477984287,-0.0707630279668905,-0.00599652709408194
"GSM5570972",-0.0304883453778156,-0.0193036631603632,-0.0631281269246427,-0.0689747541881163,-0.0743864209828693,0.103433777062308,0.00432277243247078,0.0396773266807032,0.00363491225808338,-0.0405429403940115,-0.00455671159343123,0.0381890686853563,0.0339592277137832,-0.0310433664157437,0.0837233623863197,0.0828397641077739,0.0624710498564733,0.148359211874477,-0.0511874146544263
"GSM5570973",-0.00943666316233301,-0.0612115214218159,0.00943370464104801,-0.059645792166047,0.00283134640719689,-0.0404971293414066,-0.0571742458767609,-0.0226894079687153,-0.0443881966196623,0.088651250985738,0.030196826848515,0.0365318701737283,0.0758116709251098,0.0704382938314822,-0.0586567233934992,-0.00608186356494512,0.0575434471881964,0.0869552283509362,-0.0513035432091733
"GSM5570974",0.0121857837503584,0.0617189731994942,-0.101099791514011,-0.0235978086548587,0.200017561759349,-0.00511388270766213,0.186815294414632,0.052310904071028,0.125825999073319,-0.00660231052599677,-0.0371121179612027,-0.00349573758969485,-0.0256552247157087,0.0578166081571359,-0.0466431102106482,-0.0181999387324198,-0.0787759472248772,-0.0601882250807852,0.0880567361797206
"GSM5570975",-0.0201357797257458,-0.0181434921739131,0.0406023302228804,-0.0515675160249282,-0.0686975179518596,-0.00728893375060779,-0.0361489517734123,-0.00450984966296295,-0.0737918775013307,-0.038060669005557,0.00202128725990395,-0.00970180951935614,0.0394744895633382,-0.0426134158461013,0.0828864891903963,0.0778025052073934,0.115090931613428,0.14341307261771,-0.0557299015692173
"GSM5570976",-0.00331510100009595,-0.0267339636716842,-0.0289452627152609,-0.0519792667408553,-0.0162216554026233,-0.0521956954756824,-0.0400564775702467,0.000380549696641919,-0.0347390966913063,0.055381447476323,0.0299990484229071,-0.00454602930743826,0.0961353073124761,0.0826969283189294,-0.0486284432764221,0.019681133313535,0.0394031103134209,0.0328971807185389,0.000102680965591744
"GSM5570977",-0.0113599529512094,-0.00508168084091341,0.0136626907962477,-0.0193266181448722,0.115522446282201,0.00843800162833361,-0.0205337355510975,0.0695089204864496,0.00610521894895768,-0.0574906743835803,-0.00876249257301443,-0.0061185752958516,0.0269851703060903,0.044079122162714,0.0571460871346932,0.0540040386417317,0.0354953476168349,-0.00459782160692028,-0.0325559106597901
"GSM5570978",-0.00458605127903011,-0.0242204998366806,0.079212436743806,0.0805364403684649,-0.0134514869756834,-0.0643008872654438,-0.0291303327574894,-0.0627678170895237,-0.0191973686992245,0.0655284712399432,-0.0180493214664406,-0.0106847323354683,-0.054014969361725,-0.0355892394445407,-0.0585858071548327,-0.0826642752174026,-0.0562379891958414,-0.0415349146780673,0.0184745720351894
"GSM5570979",-0.0143906526583831,-0.0131254892131641,-0.0195917785260498,-0.0579998669040427,-0.0637876339230271,-0.0269717016249969,-0.0369274872000459,0.0707018932099893,-0.0409815905761393,-0.0547273474018356,0.00322738076291156,-0.0238176953592916,0.110885156167936,0.0639501558717451,0.0806675535409941,0.123628092576592,0.0847392532433314,0.0372206748449104,-0.0372545130105724
"GSM5570980",0.000604938614096669,-0.0513895570407515,0.0230908908341594,-0.0612783893140559,-0.0714393453178948,-0.0769007082412669,-0.0611357471113154,-0.0808817081258836,-0.0896441800913092,0.0974442811167067,0.0916912775486121,-0.00564391597202343,0.0527906639211822,0.00458729486571115,-0.062921972118895,-0.0222405974805817,0.0705930889012423,0.142412562034504,-0.0262737301826215
"GSM5570981",-0.0194662609542368,-0.0120985361322457,-0.112092429365026,-0.0436746332811099,0.0940431333379333,0.0436177402999339,0.312730975125586,0.14749874688162,0.194033653561157,-0.0583488720474807,-0.0191719237294718,0.0239605924586338,0.00939747654230428,0.0773965441090515,0.0640608574184083,0.0601916221989479,-0.0572121217586147,-0.0639542318974541,-0.0261301879194362
"GSM5570982",-0.0137804496465386,-0.0335549661492369,-0.12703688501967,-0.0647909135966763,-0.0440321768330447,-0.0401533376563904,-0.00437197273497959,0.0744609328289878,0.114316209445884,0.0664105275156228,0.00286884174550444,0.0300903139091347,0.0783171164251729,0.151619386252161,-0.0721645387676345,-0.00573280719229089,-0.0667025338178591,-0.0364415948689184,-0.0104015829270525
"GSM5570983",-0.0070672603415868,0.0220962599422518,-0.16854530297993,-0.0568872763770988,-0.0519952152474347,0.185349113505625,0.0597383481202799,0.10054418455022,0.0804649008462302,-0.0544159294299499,-0.0321380179661554,0.0723675591899283,0.0209209976464815,0.0505848960195086,0.0556329041086613,0.0611490449637949,-0.0860892948974424,-0.00800206614477401,-0.00750891861904048
"GSM5570984",-0.0255965856251392,-0.0872032432984684,-0.00692418917218294,-0.0655086251876637,-0.0848380920672363,0.0402161586995579,-0.0609864297050108,-0.0513455216693428,-0.0242322120871134,0.117726027532926,0.00410933049227723,0.0712742840738413,0.0407839801975109,0.006557874274532,-0.057639158505066,-0.0327216168407065,0.0205743633537332,0.13197978680586,-0.0698934107525292
"GSM5570985",0.00261175171065253,0.0792103634539189,0.0799936066223902,0.135066403036451,-0.0153513899320148,-0.0690413070711509,0.00141502529846903,-0.0659694929441738,-0.0551347448161167,-0.073087220133454,-0.102684981103334,-0.140053245779449,-0.132632696998972,-0.119466371145156,0.0551002040493411,-0.0614324548976831,-0.0475134546484579,-0.0755022097936471,0.061430380451858
"GSM5570986",-0.0159632484906662,-0.0402537998414937,-0.140047395399928,-0.0648073205411973,-0.0604447512115443,0.0360359053319453,0.229218268998859,0.0528290247780764,0.171550105883602,0.0695332689977147,-0.0117298058614188,0.111141317830716,0.0154378922776415,0.0802861626512662,-0.0654551983126069,-0.0206070797644153,-0.0910504329058893,-0.0488785555927089,-0.0201156466069825
"GSM5570987",-0.00894759344121979,0.0302506762951058,-0.017132278654242,-0.0517837246673032,-0.0620434979618577,-0.0304244942007713,-0.0106315065651482,0.0245459102412509,-0.032973045590142,-0.0580373547972679,-0.0610596207720704,-0.0603563020054235,0.0664601423914506,-0.0107387864894779,0.0795337281569639,0.0993980518101375,0.0960329889759013,0.111707558913246,-0.0065268767526961
"GSM5570988",-0.0113216941356349,-0.0799395227768209,0.0173786170438033,-0.0504649416608093,-0.0384616680867814,-0.0159275244131029,-0.0673245069023913,-0.0385930334448827,-0.0344191459258806,0.0909857746387181,0.165663240466944,0.0543327336781677,0.0558247351370397,0.0340114528849503,-0.0595007382835746,-0.0121040516264162,0.0520281921117998,0.0514044492914417,-0.045211789928611
"GSM5570989",0.0399194018719865,0.100750755711962,0.05031044661881,0.102770260706311,0.0325829337416057,-0.0771353036097346,0.0120633915677709,-0.120868732110034,-0.0473731807031025,0.0200580721651528,-0.0842155511437769,-0.120896994487082,-0.136534384542056,-0.0936596129275158,-0.0734712976075488,-0.146001378035107,-0.079927490926669,-0.0533958269486398,0.117390970865464
"GSM5570990",-0.00339842758138824,0.0372280522386912,0.080420212862198,0.134021286155488,0.0527620425029881,-0.0712546082096215,-0.0104531632373642,-0.041725447402496,-0.0344792187938499,-0.0557833982888044,-0.09964728258552,-0.121209619772012,-0.116405636037905,-0.0854041641430116,0.0668083944556968,-0.0600804297519727,-0.0490593393411349,-0.0846803539582282,0.0217560085989373
"GSM5570991",-0.0335455249910198,-0.0241340630798545,-0.046158650888371,0.000282929106709695,-0.0492257521908099,0.249482036821767,-0.0391376309776896,-0.0161666856763865,-0.0417923056093231,-0.0258356320838831,0.00627327392921437,0.101929431950378,-0.0724052497539999,-0.115949703340509,0.0792926412271254,0.0251463238331522,-0.0501576922807335,0.113331284965094,-0.0598367846368097
"GSM5570992",-0.0259381859869513,-0.0745678005090886,0.0202253283234338,0.00282019920431788,0.0103712053317148,0.0140769358676509,-0.0423983046973898,0.0170001983295508,0.0278923318013699,0.0721479221242566,0.0379818038669752,0.0720047720313324,0.0377687700242847,0.0624986324659637,-0.0461524629609628,-0.00351093069713649,-0.0293202531269698,0.0302573471072355,-0.0457294872294385
"GSM5570993",-0.0112772800916998,-0.0221956780424315,0.0879202611532251,0.0278207237630658,-0.0270927598644608,-0.0498542038603799,-0.0483779893992929,-0.0190826838784622,-0.0674107242072027,-0.0363213976304487,-0.0532211547087699,-0.0736123783030763,0.00324909083869278,-0.0527044503353361,0.0793574152318997,0.0294748620302573,0.0343878005197373,-0.0226735533576402,-0.0350508028866686
"GSM5570994",-0.0278819416586103,-0.0866054269074425,-0.0210991041042,-0.0703259480997278,-0.0746598894166152,0.0402793303198485,-0.0364592993209883,-0.0361700068679823,0.00566246515143743,0.102546205689286,0.0413993549630434,0.0774979096216099,0.0453409363111381,0.0171105983008267,-0.0693671244396219,-0.0263083398118264,0.028538293418866,0.0748440620267954,-0.0485597879286178
"GSM5570995",0.017065591735248,0.0129286837552871,-0.134628238867237,-0.0520738723891759,-0.0405484632163898,0.0120668772103144,0.362419307305254,0.137789138609161,0.221214227866167,-0.0756067990331326,-0.0583298690693581,0.0278151936299144,0.00816700690176956,0.0434304598380788,0.052980600217039,0.0654987403367337,-0.0616386697054278,-0.0759130839315097,0.0105115567953628
"GSM5570996",0.0178016383109255,0.0151954825226207,0.0619432221605352,0.10088614852601,-0.00288216798610178,-0.0811772943706007,-0.0114146832215547,-0.0958256511472767,-0.0312125708987842,0.0495885973950858,-0.0747157521870716,-0.0776375075108465,-0.0957789522167089,-0.0617580248714049,-0.0728588561625443,-0.123914972042798,-0.0748669168518598,-0.06327410346535,0.0649598880154347
"GSM5570997",-0.0228344024665743,-0.0397466432766117,0.039824663752095,-0.0523028060684238,-0.0210656033506149,-0.0228491267932043,-0.0508543418181723,0.0098332858507458,-0.0604171922160234,-0.0406315025455501,0.0656069102630807,-0.0184390593887249,0.0459633613265758,-0.0299220918318726,0.0703211022041978,0.0842284036123754,0.122396469908458,0.076902956277725,-0.0650025058924
"GSM5570998",-0.00157168902887542,-0.0664656344133369,0.0712860783088757,0.0257305202978892,-0.0194815414570503,-0.0316556348153152,-0.0582020548140429,-0.0591003663961965,-0.0280558519437023,0.0879946007159419,0.101958602235896,0.0242682090250446,-0.00700967550883402,-0.0158240256254787,-0.0607027308345637,-0.0539180957852623,0.0184385764593384,0.0104562064023968,-0.0306099721213162
"GSM5570999",-0.00393476515419703,-0.0211717639867221,-0.144303467778786,-0.0590482081751335,-0.0580489024977445,0.0995567067731978,0.0500836962154284,0.0484873084715463,0.107221471922596,0.0554844340505263,0.0221175725800795,0.1154381426479,0.0272776183735296,0.0932906295642347,-0.069121916751286,-0.0187133029981654,-0.0921947637136364,-0.024382029656103,0.0029971008942771
"GSM5571000",-0.0285008362251847,-0.0276011449720009,0.0217541553275177,-0.0623615605252303,-0.0722009633878101,-0.0341203070754497,-0.0468076102337573,-0.00788632907627359,-0.0812777161256006,-0.0380160470588008,0.0912187755673372,-0.04565023815751,0.0652230416883293,-0.0386976526756829,0.0863094579458741,0.106035877641554,0.142119179858094,0.0407473465093149,-0.0554259197287287
"GSM5571001",-0.0132350997281487,-0.0467533037106583,0.0200763927174732,-0.0454618216596714,-0.0334835797816309,-0.0215512895893202,-0.0487861430976123,-0.034477475477301,-0.0425170453930224,0.0714611624503952,0.087905728754099,0.0312846834124656,0.0630023478161517,0.0496397311716677,-0.0645255742785731,-0.0120362885791505,0.0588499968817018,0.0193941768479456,-0.0218611443484647
"GSM5571002",-0.0331798349653105,-0.0346318758045802,0.00467099549714192,-0.000929781455862964,0.0448889627674373,0.0585385736505802,0.00898047227164107,0.0950980696523186,0.0626078113040202,-0.054152472455296,-0.0340759190478632,0.0209611289515349,0.0306959406450685,0.0312435400915162,0.063808695962406,0.0709911969342719,-0.0197606117324335,-0.0583115829759782,-0.0497990528007022
"GSM5571003",0.00913494604801024,0.0273109998756429,0.0669057235633375,0.102590058190682,-0.00797822644267707,-0.0861045911553421,-0.0242755986937214,-0.117581843637078,-0.0485564368400204,0.053406683232802,-0.0662507835243979,-0.0885221767768335,-0.115721918618177,-0.0880961592442688,-0.0639560112518754,-0.144760203499467,-0.0732601436016278,-0.0601658941188419,0.0501625823550588
"GSM5571004",-0.0138728572050299,0.0159550541354059,-0.0039591502749883,-0.011336459282736,0.060795205451237,0.0172141793789419,0.077626345098707,0.103539516025445,0.0770562853229158,-0.0707251301682659,-0.0565685689213295,-0.0122356359576578,0.0271998047395948,0.0512090263585575,0.0641031061314067,0.0684575177396969,0.0151750554941735,-0.0590308356770126,-0.0135551504461643
"GSM5571005",-0.00420088382372694,-0.00257578872266077,-0.0633932271684518,-0.0534375610499835,-0.05261127700319,-0.0628875701946457,-0.0349997798313821,-0.0562573118702109,-0.088274694978631,0.0586774947540001,-0.0388691685977917,-0.0167983634803395,0.0878886973601702,0.0091736805732878,-0.0469400950696871,0.0206923931211575,0.0154651483600998,-0.0117542116072183,0.0218883521375749
"GSM5571006",-0.0282805969215156,-0.0363831242675104,0.0203933179962862,-0.0418939095549899,0.0862231388722957,0.049950312707082,-0.00373570871470194,0.0500162601876435,-0.00333170038615122,-0.055538145880784,0.05703404811432,0.0108636384745409,0.0286910334031167,-0.0158579009274398,0.0801159982482694,0.0833222996448171,0.109409288927409,0.0592730092290301,-0.0568133128306263
"GSM5571007",-0.00730021881979957,-0.0815353615472288,0.0786743135507574,0.0494259651445897,-0.0250948910949413,-0.0480453354550584,-0.0687640734233382,-0.0818604404056555,-0.0297353933475914,0.118546132574612,0.0448671507775473,0.0370314811519187,-0.0310024282764427,-0.0358392177173812,-0.0807886167764585,-0.0961039583178668,-0.0589330934749112,-0.00209744419849204,-0.0335827684051104
"GSM5571008",-0.0144178642415979,-0.0257287340126293,-0.0144942427231793,-0.0528991426431817,0.00164844179124159,-0.0214362480320672,-0.0399087885916741,0.0505685159923747,-0.0432542585391843,-0.0446018276385409,0.00517743940515061,-0.0299889885121717,0.0746458699153172,0.0236397726243649,0.0770046404592474,0.102272426203206,0.0932920070519939,0.0391886990331708,-0.0396378141601181
"GSM5571009",-0.0224534080715526,-0.0925253285027585,0.0171966309174683,-0.0413145535533002,0.00570482926482511,-0.0210290538727075,-0.0695001192422733,-0.0506451280731901,-0.0448663162035117,0.123133851391543,0.144984562274206,0.0675438144443763,0.0308053548143438,0.0216519179865045,-0.0724310725269251,-0.0451945325318381,0.0206066012311107,0.142257474242662,-0.0658874375495775
"GSM5571010",-0.0126567546470578,-0.0781868233647423,-0.0202236789119783,-0.0640699685548256,-0.0690302870233111,-0.0543931627720188,-0.0589270480865531,-0.0449957659343087,-0.0365584645691376,0.0976749919780811,0.174750465934515,0.0134200460022703,0.0728975430786174,0.00445236291378649,-0.0411332849035718,0.00759534773295498,0.0587470839376399,0.113239580602352,-0.0642528423342628
"GSM5571011",-0.030210205150175,-0.0262954725636521,-0.0451517061522613,-0.068058373668825,-0.0735422562856855,0.130845843414474,-0.0352538335402042,0.0241747009176528,-0.0243798426726266,-0.0435166681247982,0.0884712628328985,0.0517595150096806,0.0347916786873092,-0.0343938043770029,0.0695999800052258,0.0751615071197479,0.0717158920229468,0.0583034546150498,-0.0500225412851638
"GSM5571012",-0.00285286950938428,0.0202103255989987,0.0472844470205355,0.0166738276304047,0.00851978007939706,-0.0254402342222017,-0.0163960757274204,-0.00836219999115732,-0.0458545229967823,-0.0545718284731953,-0.0127102731573713,-0.0551090005576071,-0.00240495950888542,-0.0621899996208155,0.0587080729868748,0.0422413289494725,0.0693088519872965,-0.000674376543096914,-0.00096838044000868
"GSM5571013",-0.0134743303594882,-0.0502486143098473,-0.0222643978136523,-0.0475038437026029,-0.041138662576559,0.0376280249400754,-0.0277452679165142,-0.00970594503799986,0.00286006733298392,0.0720667986054102,0.125896645152869,0.0946005478425073,0.0437771339948832,0.0408668680115928,-0.0511735883486486,0.000235326729803352,0.0143167492900929,0.0823165685919808,-0.0258980082178231
"GSM5571014",-0.0312644499007674,-0.0522391409805579,-0.0767224266177611,-0.0588204475278352,0.111116148193914,0.122162016047692,0.0503721456775033,0.119064089453393,0.102417013183857,-0.0407789753397793,0.0470956506766637,0.0641623891979753,0.0335700490496188,0.0614235722929549,0.06041085218917,0.0737867125103922,-0.0164045970079911,-0.0361226283385032,-0.0622361498215183
"GSM5571015",0.00235827245119181,-0.0656606545156984,-0.00938728555098949,-0.0622759297575561,-0.0544490223135641,0.0313709386658337,-0.0400687473439578,0.00856175846750266,0.00946953085206298,0.0742792462026921,0.0862567544019886,0.0811453916610797,0.0698457187075862,0.0690293109920249,-0.0479579333161225,0.013235996085587,0.0466914914853743,0.0559506307223063,-0.0460562050118776
"GSM5571016",4.33021599496313e-05,0.0511193628645395,0.0155173980936108,-0.0261984975149002,0.0349854327520138,0.00759791434867597,0.00455802949874323,0.0370815098858121,-0.0277107316190201,-0.0896226135056669,-0.0230877691277566,-0.0242060870777678,0.0386666712726592,-0.00346827708788663,0.0643313347188746,0.0793839568481363,0.067196644877746,-0.010274111909136,0.0227133085833463
"GSM5571017",0.0242568483426621,0.039287068573827,0.0666723170394245,0.11140719786725,0.0115048091275543,-0.0878677028960409,-0.00367452049118014,-0.122033960548447,-0.0411400819502815,0.0421782235138581,-0.0710313410160937,-0.111376210979304,-0.126149595511173,-0.0817384067291051,-0.0702446441081003,-0.144936272729009,-0.0799215885961402,-0.0477902056903581,0.107552160551849
"GSM5571018",-0.0189004241063466,-0.0152712719499428,-0.0608456013923459,-0.0715274993711822,-0.0622636384111315,-0.0631968014398784,-0.0404900144026686,-0.0711042080115196,-0.118179602132142,-0.0239698168698147,-0.00329508374664106,-0.0909453002493836,0.0319332357638743,-0.0897765028071107,0.0908799874864577,0.089419582766209,0.104173219076146,0.132796057954083,-0.0420892026883951
"GSM5571019",-0.00472096567578006,-0.0157103036978045,0.0554638220277321,0.0771255395788451,-0.0255231058451383,-0.050106907029912,-0.031141142417769,-0.0700090008275707,-0.0261943452916846,0.0649345106357986,0.0173221977475873,-0.0137929364932982,-0.0493943758777956,-0.0292899567355628,-0.0669138032057486,-0.0967050089079546,-0.0463124933369215,-0.0398895755252084,0.0311235471754896
"GSM5571020",-0.0138776583875738,-0.0166912624579751,0.00662318059935056,-0.048142179131432,-0.0454401194682735,0.0328652359403612,-0.0401300733711835,0.0373756616617403,-0.0552568151841211,-0.0464669060716121,0.0957311529209761,0.016887085723311,0.0641259077438731,0.00454793716658679,0.0767518266708888,0.0922715236119172,0.0922781335166632,0.0342872321232149,-0.0445161891424966
"GSM5571021",0.00367129368422486,-0.0222192906564166,0.0531698352971812,0.0815446854897925,0.0213352635504173,-0.0491586354852427,-0.021004253584277,-0.0657737420494983,-0.00892598889043959,0.0699617372775717,0.0249765038243943,-0.0243352006810062,-0.0660798519194181,-0.0132035528077428,-0.069780415184721,-0.107717673894622,-0.0557254139959143,-0.0430240701821784,0.0369904766647822
"GSM5571022",0.0044786959806082,-0.0159676810782549,0.067198013842758,0.102009895711787,0.00417680347971258,-0.0721735303420553,-0.0311999835648045,-0.0784583445924083,-0.0207646456889419,0.0697989575248707,-0.0163433526859269,-0.0418496607455246,-0.0789805408790059,-0.0428339816076485,-0.0546116545910632,-0.110646125667488,-0.0693364669864598,-0.0567426724281036,0.0276777713177511
"GSM5571023",-0.0229528737949787,-0.0267182010550932,0.0139196291756208,-0.0325291952596661,0.127381675621441,0.0528234294118302,-0.0346610604421545,0.0498537138446222,-0.0316734538528743,-0.0491046307993713,-0.0351157364043761,0.0192549522167272,0.0280852663013158,-6.27586357004864e-06,0.0798649072745592,0.0682137007468767,0.079851583090316,0.0381378295511566,-0.0464426901939931
"GSM5571024",0.00506777973971658,-0.00987092876109826,0.0546209077255298,0.0867369891563669,0.0231617512295168,-0.059945753501598,-0.0264312529541212,-0.0532317606262886,-0.0020293088091638,0.0654833991875127,-0.011440726847097,-0.0221682240690778,-0.0645075859580915,-0.00420510377786375,-0.0585338393046875,-0.103685953701881,-0.0692410788377899,-0.058423135251272,0.020869589545235
"GSM5571025",-0.0226945840078375,-0.0183567955854952,-0.0719563606655649,-0.0315171453921612,0.180189748320135,0.0876762577299407,0.0211678061975444,0.120104037490854,0.0811174996590667,-0.0474400127200972,-0.0231634024841795,0.0533464248061497,0.0264404485910102,0.0798719525697198,0.0581865575414431,0.0561096239556835,-0.0417969662950901,-0.0483056775557459,-0.0299163062869813
"GSM5571026",-0.0186028366039039,-0.0597846198568252,-0.000296529199797887,-0.0249445041463444,-0.029562625720336,-0.000500200505566393,-0.0502225777941431,0.00504300142544669,-0.0140643471940544,0.0641706512210355,0.0586997731074687,0.0516083594073395,0.0732745538955394,0.0573402062862525,-0.0408090600518656,0.0188433887447646,0.0117108286186013,0.0756275694715966,-0.0341162925155429
"GSM5571027",-0.0297289383617839,-0.0136496694258608,0.0075020586128507,-0.0627301071426813,-0.0708541102234615,-0.0426626138061761,-0.0516437005234826,-0.0134310094904165,-0.0846807650268415,-0.0382752717093697,0.0569931616054777,-0.0473740928250971,0.0632615819542849,-0.039726000413148,0.091397642280191,0.09488917225218,0.136627072084565,0.180653988570834,-0.0519338099213288
"GSM5571028",-0.0230200923936262,-0.087423986492137,0.00343094413169325,-0.0197048841712883,0.040090167229398,0.0177966362377625,-0.0593865026503911,0.00301494651783232,-0.016076254612449,0.101744362901183,0.0634376536734304,0.0917161144215601,0.0605603083416576,0.0717202549363118,-0.0565231092416501,-0.0113169198930643,-0.0419581489163337,0.000137350506652084,-0.0580368353017572
"GSM5571029",0.00804234957842863,0.0899582708530603,0.0782774520541646,0.140869294471225,-0.0153924718969993,-0.0675579564589025,0.0132370315135702,-0.0768167751720541,-0.0568598613622066,-0.0772189023622932,-0.127275658159245,-0.152638189853786,-0.138423953982244,-0.132275040959986,0.0728816880009292,-0.0623006703127665,-0.0500846966642128,-0.0441543876272682,0.0628201596992698
"GSM5571030",-0.0235183689381408,-0.0581573991457536,0.0154487462405213,-0.0639165725687108,-0.0701274800624579,0.0165390640416305,-0.0469712097444211,-0.040205057866419,-0.0211510554662468,0.082005136402957,0.0804595798289007,0.0635451846385963,0.0406523749722313,-0.00474746667760777,-0.0524814000908084,-0.00912290570431354,0.0522444543780661,0.11061419032836,-0.0384551999183664
"GSM5571031",-0.0281294808002679,-0.0234682497144617,-0.00541999541626226,-0.0650600752442482,-0.0379361678174515,0.0127943341905763,-0.0329921578110153,0.0293534480952574,-0.0422553841546905,-0.0434722574338417,0.111634242523408,0.00984187693232163,0.0701955105399875,-0.00726773414687187,0.0803530382728337,0.10103945935998,0.124339470182756,0.0568756748515847,-0.0547666707935013
"GSM5571032",0.00858898349399394,0.0111601812149621,0.0389257779593018,0.051963798347845,0.0189509050360639,-0.0337452246325071,-0.0172657222216903,-0.0463783240396307,-0.0092533477627356,0.0192861953326556,-0.00316801929494044,-0.0200001058332237,-0.0473888626763975,-0.0176200400001687,-0.0706604214273934,-0.0669180698407441,-0.0485315139072421,-0.0471984103977872,0.0753084078495767
"GSM5571033",-0.0120446880140282,0.0161916824933283,0.0751638715557656,0.126264336046339,0.0186663220611334,-0.0336239847729662,-0.00836367098008301,-0.0205708810677289,-0.0246834592655181,-0.0515057691574986,-0.0284853188913157,-0.0728892676217795,-0.1004563543089,-0.0824093381771307,0.0721697720336612,-0.0357525879334505,-0.0486744866850792,-0.0626401360058322,-0.00548925749004046
"GSM5571034",-0.016339145125098,-0.0498319460112996,0.0266099422320315,0.00446969248404102,-0.00286248318554572,-0.00565556398774282,-0.0385661906031095,-0.00997141996665976,0.000220834974320557,0.0656473252922156,0.010693293893941,0.0659781889117859,0.0338572289869161,0.0204233187008131,-0.0589001047540645,-0.012846948701465,-0.0312463452770947,-0.0211662326548402,-0.0217042347706264
"GSM5571035",0.0673168273963921,0.196204370962527,-0.120796400383423,-0.00853559543972915,0.100878124389372,0.0590054067730132,0.131397442948833,0.0750315797954097,0.0669514192764572,-0.134789267161953,-0.0911504701105825,-0.0335054764934988,-0.0306049353875466,0.0435676945177528,0.0135051238532182,0.020009702907124,-0.0560822059350337,-0.0456381584676347,0.208182294259077
"GSM5571036",0.00411320568719012,-0.0937883601240565,-0.0632038929897559,-0.0647644650837595,-0.0450375018273949,0.0749700506328572,-0.019790190857441,0.0304701720452535,0.0842076892545362,0.102443902879527,0.0447066289061471,0.125462284510513,0.0480311920531636,0.102641076739306,-0.057422870702108,-0.00694211237379387,-0.0307437147218526,0.0895462668722156,-0.0742626063774797
"GSM5571037",-0.0182619310115682,0.0212758916134039,0.0669626299096767,0.113192825130872,-0.0184241765920298,0.000531013019858993,-0.000277303362484175,0.000226752069922665,-0.000561623159512245,-0.0542531524738272,-0.0293888734284889,-0.0636305065141855,-0.0888436345484535,-0.0580218177143296,0.0651376391900841,-0.0335022515798029,-0.0492026215853195,-0.0700297864393171,-0.0109682749521011
"GSM5571038",-0.0142693332931754,-0.0376525224312191,0.0226004283989281,0.0268840438613779,0.0958363952359001,-0.0049493363203391,0.0182736740884096,0.0202717072851888,0.0550725198804119,0.0489030648966642,0.008532310498037,0.0406363604348762,0.0190221570174584,0.0682988108792838,-0.0523822141364162,-0.025956783923692,-0.0384360136190094,-0.0477283045236623,-0.00710425119456558
"GSM5571039",-0.0172774123615747,0.0146085557226561,0.0845226258781798,0.132480340132616,-0.0184375893354806,-0.0302693352183953,-0.00566965681164432,-0.0271428245035866,-0.020434731530137,-0.0395479977137854,-0.0350147268605974,-0.0831523161019888,-0.107121068028756,-0.081223212768068,0.0691122213229162,-0.0494403734982921,-0.0541603015773267,-0.0757197631227236,-0.0151072041131013
"GSM5571040",-0.0185277977519388,-0.044513842688422,-0.0178917829015062,-0.00309131482968868,0.0530477682009426,0.010021444762831,-0.0447642596461186,0.0122682179666999,0.00623537924623174,0.0641037381169783,0.0207106012435591,0.0602570612840937,0.0499127260976554,0.0825165661231985,-0.059456192964998,-0.0125154869618834,-0.0469079432864137,-0.0405343855508069,-0.0220470842832693
"GSM5571041",0.0221387126537624,0.0175655799022813,-0.00606492919802976,0.0419087567159748,-0.024500188004687,-0.0218646691434246,0.121655097949049,-0.000750018946453081,0.0895921025920406,0.017539604398989,-0.0425219894810709,0.038367133602295,-0.0196529347028705,0.00932341407219177,-0.0637222060471143,-0.0391154168654752,-0.0645168300656812,-0.0639061892963371,0.0556025111223791
"GSM5571042",0.00293856385655578,0.0491585902926834,0.0629405254241991,0.123340923170454,0.0891125564661549,-0.0625245645574821,0.0219702778656038,-0.0228600808874043,-0.0150342882732804,-0.0714868438600501,-0.110056598153747,-0.112977808314429,-0.110095403908844,-0.0724566915454648,0.0694076340712285,-0.0445710370940261,-0.0453548066763378,-0.0544693152035721,0.0332564650541513
"GSM5571043",-0.0224179296155426,-0.0948222260930027,-0.0101536337402251,-0.0430312115860914,0.0101926575389699,0.0319863040578019,-0.0603554189122851,0.00707884706325753,0.016472322142365,0.0990668479327372,0.0896421177221048,0.108034606769482,0.0582008097003516,0.0841896740536569,-0.0598483099390871,-0.0109062621281316,0.00167742016504979,0.0117913453771801,-0.0618184538028381
"GSM5571044",-0.0206356747246026,0.000568443365895159,0.0315358119531014,0.017267205968502,-0.0299761443563296,0.0327576488438936,-0.0253271552892717,0.0545332992578338,-0.020211093103036,-0.0514085802360174,-0.00802396975293766,0.0257352979765129,0.0360076731030899,0.00058812375720496,0.0773153162763759,0.0725196122308515,-0.00406091803682785,-0.0186650697596407,-0.0378319148807274
"GSM5571045",0.0434262040339248,0.063022216859263,0.0623709992163205,0.118633843511231,0.015719286146005,-0.0723563284216018,0.00817966509185745,-0.112070948200053,-0.0403203320867814,0.0287552956476619,-0.0790678514138534,-0.112529639767665,-0.130362518110476,-0.0902191941600441,-0.0566965262246401,-0.137788454188862,-0.0752302525319322,-0.0426457735159143,0.130804107480795
"GSM5571046",-0.0166486554405281,-0.0313306464790353,-0.0906854418230372,-0.0493138037067012,0.0547867120178646,0.0657558426811787,0.0198792327981844,0.104432332616355,0.0866681872471395,-0.0188914968974356,-0.00441313323685081,0.0554130930568045,0.0390009376153621,0.108390125571904,0.0258657371216031,0.0350424329910625,-0.0526886154156464,-0.0418967831978338,-0.0219391849737827
"GSM5571047",-0.0130101678720364,-0.0894288616563398,0.0178617279513413,-0.0285139912259411,0.0600024344649454,-0.0123896246778943,-0.0528421227052504,0.00971155781037822,0.0223471458376259,0.0928820903762007,0.0405005059884406,0.0632407679877863,0.0541472140247238,0.0957173106365456,-0.0590444605816499,-0.0149977420451604,0.0279881216837578,-0.00589696652521141,-0.0573637491770294
"GSM5571048",-0.0242054939836568,-0.0205061129138683,0.029435293019239,-0.0466729745916337,-0.00874912554170146,-0.020546188986663,-0.00501897606605772,0.0259012216337584,-0.012742002008694,-0.0410714916836757,-0.0245954889130581,-0.0362621703765419,0.0475385968987846,0.00494235742936532,0.0722126850400531,0.0620530164919405,0.103236066244086,0.0966532892694521,-0.0445662822889024
"GSM5571049",-0.0102394402635756,-0.044416451006634,0.0557611494438911,0.0541002626620659,0.0553190522371299,-0.0417730771121206,-0.0403073914001049,-0.035643552464935,-0.00391315064455952,0.0760272484171232,0.00907119355314212,0.015400510743899,-0.00429547242006046,0.0261258614361238,-0.0614290598481159,-0.061223343570577,-0.035758819175562,-0.0461394254813309,-0.00920176614025718
"GSM5571050",-0.0176858898484725,-0.00686139067282588,0.0659586591475416,0.103896759608488,0.0269263300866987,0.00445497287516055,0.00317856740712206,0.0203076825403207,0.001186010469279,-0.0479031018223519,-0.0554759280437106,-0.0247071869242168,-0.0541662020434497,-0.0395514500855156,0.0787728374739522,-0.00282815214317317,-0.0413565171585018,-0.0544563738534801,-0.0231777489448181
"GSM5571051",0.00749593931525857,-0.0248186829465495,0.0318781226129471,-0.0473195334538602,-0.0404710854621774,-0.0495916321811477,-0.0402768189352237,-0.0951472525353762,-0.092718451530196,0.0655034520204435,0.0619979979151798,0.00497550556626101,0.0297212867302745,-0.0539321416350664,-0.0485526743525472,-0.0080202044226442,0.0956843799797205,0.106570191558466,0.0171417984608007
"GSM5571052",-0.0269626994197281,-0.0582046356208539,0.025829730405485,0.0120517956081476,0.0937335262706598,0.041209589969328,-0.0476132281648154,0.058333639130288,0.000905384293937179,-0.0403004756667334,-0.0078826080906986,0.00934490752578814,0.0284100958782803,0.00866986584591253,0.0817235151583333,0.0621143479509424,0.0420300538928677,-0.0491534464529478,-0.0793705585090928
"GSM5571053",-0.0118621575681513,0.0166049320254103,-9.74216427488014e-05,-0.016511951357298,-0.00555445968929213,0.0601820260886987,-0.0192151805261148,0.0600124741014182,-0.0119412669568248,-0.0648772841179523,0.0503242907453072,0.0194677439673985,0.0397509241279463,0.0201493327287995,0.0628576878647607,0.0701195327312368,0.0479729753184623,-0.0311096150732222,-0.0173216572025325
"GSM5571054",-0.0019399321696186,-0.00814369784277143,0.0188894568769316,-0.0485887603960628,-0.0479314235882233,-0.0832426170268025,-0.0296943057162095,-0.0966977006141942,-0.101437092682977,0.0478888291492634,-0.0962797574774222,-0.0789884000892526,0.0360242338951177,-0.052231099005856,-0.0312291125308059,0.00481896564668149,0.0993448575451189,0.180802778915411,0.0184146476829538
"GSM5571055",0.00412088347094113,-0.0185195145250255,0.0816512633897092,0.1047220133716,0.000768406407844929,-0.0914941717584758,-0.0199791069017858,-0.0870686589523019,-0.0270595261448039,0.0718645958822822,-0.0443627436111665,-0.0709936980424363,-0.0931233835118855,-0.0686766873973072,-0.0486052079669393,-0.117484320790432,-0.0623358867248499,-0.0480756373852179,0.0188479997876449
"GSM5571056",-0.0216376810712227,-0.0276181091520606,0.0185423182339018,0.0229275403231569,0.118840762093875,0.048619699702883,-0.017362944975037,0.0743153167348251,0.0356177510065506,-0.0486304758106719,-0.0260370687791114,0.0191154958638392,0.0124827988489975,0.0262275397924037,0.0639009394879447,0.0467567690383297,-0.00224777442610696,-0.0544968805961454,-0.0461243801232875
"GSM5571057",0.00672369575120357,-0.0319625879231937,0.0281595731085806,-0.0252619350567469,-0.0260441398555428,0.00033120176970777,-0.0368215632986896,-0.0418924369682804,-0.035418715452338,0.0596079049406699,0.0967479122265626,0.0433063392043463,0.0462203014352502,0.00173212777187813,-0.0530851729635035,-0.00418283320527864,0.0536905284992319,0.0575332793976173,0.00318045905897308
"GSM5571058",-0.0334748762651185,-0.0376625112314643,0.019938756817441,0.0206050514474076,-0.0111874253792666,0.0607099369584967,-0.0205882671309146,0.07443857693054,0.0191098932084995,-0.042135452537118,0.0649050846312646,0.0320058416987332,0.0234680316172697,0.0244531048058646,0.0745891476869401,0.0574596121360016,-0.00241304211953206,-0.0154643498773174,-0.0569833909226375
"GSM5571059",-0.0123487719120221,-0.0594972943918227,-0.0223804410289126,-0.0447914301629451,0.0149237784064188,0.0274031560644505,-0.0419277701624572,0.0262576680521181,0.0332135216925283,0.065186662933468,0.0879332125135941,0.075076131536526,0.0601500400713184,0.0995850923934088,-0.0558538934994428,-9.59757768415369e-06,0.0160956358110376,0.0398862742326291,-0.0307615971506486
"GSM5571060",-0.00589152773649936,0.0161132718027457,0.0523848670525618,0.0860401764919767,0.0021073203459823,-0.0209447777190513,0.0375679045206145,0.0358919491478743,0.0340893969312287,-0.057838151959661,-0.0548339713560858,-0.054977120935004,-0.0496517289163714,-0.00819513073078032,0.0674070767014187,-0.00787471726499265,-0.0401956889836464,-0.0362586468691619,-0.00806493576793479
"GSM5571061",-0.010483871651,-0.0678848572779623,0.0131746359761351,-0.0545927115159597,-0.0580605325008629,-0.00526648589157313,-0.0596746122993403,-0.0101311882847574,-0.0335810365573241,0.0804292273690811,0.154525025107934,0.0395350495713895,0.0673030988126907,0.0651329695298223,-0.0431376304041091,-0.00260180102742697,0.0567344562285014,0.0285634532216059,-0.0445369882432823
"GSM5571062",0.00493965690369245,0.0670625763221108,-0.00649235037725907,-0.0252941810057398,-0.0163033737990767,0.0181008712199767,-0.00695346894762787,-0.00618949088323746,-0.0695369217596084,-0.0819811733702547,0.0357842167022985,-0.0130986480252419,0.0312193329297767,-0.0593396519947762,0.0593764863563144,0.0692555918232328,0.0863689227597349,0.063737318850807,0.0501802756085334
"GSM5571063",0.665530325820416,-0.0858203212820547,0.0680676837741414,-0.0321582582878822,-0.0506933609787298,0.0091371271437676,-0.0312404811812618,-0.117119483529457,-0.0263628593444548,0.117369596289156,0.0401817841901625,0.0246688004944211,-0.0694030367605961,-0.0666773432476869,-0.0587811062400142,-0.0932522271525714,0.0200876937806192,0.125755155700042,-0.0485961981941576
"GSM5571064",-0.0201540910315512,0.0066866605668304,0.0899817620801713,0.136679259806205,-0.00849886885035222,-0.0775829616764375,-0.0154126338745234,-0.0441707945232044,-0.0294245559517362,-0.0354180427954799,-0.0941382491966218,-0.114983282627675,-0.105378242409619,-0.0954721049860218,0.079737634757049,-0.044584274135866,-0.0484877231035691,-0.0889295778959108,-0.0235440512271317
"GSM5571065",-0.0243470001537473,-0.0985470794660505,-0.0164514416512144,-0.066062514806582,-0.0743919996112727,0.0272536921420929,-0.0660398514106095,0.00864114808858473,0.00394514585871533,0.0909702478959642,0.0915403856642071,0.0936225799866314,0.0786843987440068,0.0795963219771152,-0.0363131412751649,0.0180315922764199,0.0207172374079068,0.136270303993959,-0.089207036429804
"GSM5571066",-0.0135690614933575,-0.0319702012823323,0.0277075847035704,-0.0514722775267881,-0.0493212683425822,-0.0417793667800242,-0.0467331384267061,0.0284813432564625,-0.0544231587104955,-0.0477420579614287,-0.0286826994508109,-0.0360193169860313,0.0680481614951237,0.00552880011000082,0.0816484054898595,0.0914038906251409,0.125006159823784,0.0997215248938507,-0.0471013517597428
"GSM5571067",0.0760372569986492,0.0624154370471504,0.070885126604184,0.0965073804691661,0.0721424797033091,-0.0267866063488891,0.0277055218850336,-0.0529047381236882,-0.00133446588159904,0.0515634263514317,-0.0394977578802388,-0.0207543440324796,-0.0560759758687967,-0.020191342295927,-0.0470297216989789,-0.0767046200401104,-0.0329659665749604,-0.00550546911918894,0.163943376302518
"GSM5571068",-0.0181370631711536,0.0143006607927406,0.0792028917996337,0.102142835183493,-0.0157303111034003,-0.0288912229439016,-0.0201476924838074,-0.00345299911802515,-0.0313228831815611,-0.0556324501694688,-0.0538744773857888,-0.0454512117708847,-0.0595172201887313,-0.0703969513590791,0.0810142316331886,0.00403895199718549,-0.0279543168245243,-0.0593985713195714,-0.0137177272899708
"GSM5571069",-0.010673312629298,-0.0404999888865576,-0.064480958902743,-0.064261128184419,-0.0598962992733533,0.0459680710268852,-0.0066895948188796,0.0199921541854403,0.0256711572814626,0.0440170776690256,0.0233710714703813,0.096562561988629,0.0737603307750316,0.0698048471697231,-0.0518884629401844,0.0242983421831297,0.015220691634369,-0.00355112380180819,-0.0140961948779241
"GSM5571070",-0.0153948142205927,0.00240707184214713,0.0435800608230481,-0.0124164404199192,-0.0342731798030359,0.0323745189617769,-0.0299549574758201,0.0138353807367819,-0.0564010453481955,-0.0570622066282691,-0.0136708657946296,0.016512906954395,0.0160495087647552,-0.0496917710063023,0.0807018927836902,0.0732094297209971,0.0875421911861784,0.0531963765770554,-0.0365422370413464
"GSM5571071",0.00420965413670393,0.0163205527093138,0.0575160533827056,0.096675825647976,0.0797262192511575,-0.0683961921062267,0.0022302013646528,-0.0594775729057345,-0.00977174804948852,0.0327906221142576,-0.0629829425239095,-0.0682650978340548,-0.0905584396477361,-0.0404262390476488,-0.0361039776695162,-0.098394329724991,-0.067346592430015,-0.0652391239987066,0.0375248684480083
"GSM5571072",-0.0226884074934195,-0.00158112890450007,0.0708883302796679,0.116439021783684,0.0213252153672696,-0.0409138301997978,0.068912572917707,0.0137201208265218,0.0326726723699543,-0.0539324638951691,-0.0913242019882833,-0.0628916537110333,-0.0761809744265395,-0.0508842677266367,0.0761239457356799,-0.0160428419727894,-0.044324329462493,-0.0817156116273212,-0.0229559291017018
"GSM5571073",-0.0216604420847298,-0.0588203429739554,-0.0227655954887598,-0.0496228575977785,-0.0375066902873632,-0.00132832193064854,-0.0453930724292167,-0.00675138016208536,-0.0097594159584875,0.0811679705341404,0.0191442175272899,0.0628998756068292,0.0739523477269645,0.0510640418394773,-0.0449164414349656,0.0169604254545935,0.0476088782995885,0.141767018389639,-0.0430105450574654
"GSM5571074",-0.0149000572279493,0.0332073773512068,0.0637813430001447,0.116574181566473,0.00613589909032543,-0.0234270947735429,-0.000361310495395541,-0.00283505804385336,-0.00423438812366231,-0.0635552839606393,-0.064802524418884,-0.0810746822490012,-0.0885233361598808,-0.0665522287843938,0.0747734877676043,-0.0267558121148966,-0.049040793500038,-0.0692634619525021,0.00213690839460517
"GSM5571075",-0.0205721912489398,0.00174820041343985,0.080668650164596,0.0871852647836976,0.00487034505791289,-0.00986565931290981,-0.0217087930768024,0.00824393940037529,-0.0175597271875649,-0.0450660395691562,-0.0175202218829189,-0.0256182650662288,-0.0375234636543693,-0.0483948680477485,0.0676813276311527,0.00968659837728728,-0.020532416625563,-0.0602782542497382,-0.0178002258387075
"GSM5571076",0.00128389295173963,-0.0203059627737042,-0.13017679819984,-0.0513347316638512,-0.0506832132205838,0.0563902717350966,0.141880260967538,0.0709448962638708,0.155866407571099,0.0458386983441426,0.0107814983777655,0.0980100741793587,0.0375359057209905,0.0982032485157363,-0.0611929824413601,0.000427448570281118,-0.0880641199414422,-0.0225705702920451,0.0125867165677186
"GSM5571077",0.0171399656923718,-0.00163997302380931,0.0684731460633536,0.111831885887519,0.00336394116050543,-0.0954323485915216,-0.0329961822918915,-0.130911696420683,-0.0515623882012802,0.0785155962102741,-0.0610311794164955,-0.0974078589320182,-0.114666034376858,-0.0858421119603656,-0.0722832503958667,-0.147425288324717,-0.0819251031540054,-0.0223312545840659,0.0567238628956866
"GSM5571078",-0.0127688592677731,0.0199216918835246,0.0767610990895792,0.122219600989401,-0.0236125230344123,-0.0403998356601542,-0.015605580572397,-0.0302922643994383,-0.027581251378598,-0.0535544085330174,-0.0621598467996841,-0.0947231765127621,-0.102642949478608,-0.0796231480485671,0.0708812108492762,-0.0384366031638956,-0.0354512216224449,-0.064787406006497,-0.00434355629890555
"GSM5571079",-0.00895023053211996,-0.0420341867447265,0.0169877931834644,-0.0538225003507846,-0.0283186281034646,-0.015231038870347,-0.0496884774054939,-0.0263408466836283,-0.0486330877781839,0.0627365660276984,0.100819752459343,0.0409387387569856,0.0752505672735164,0.0418867487935997,-0.0432396015492153,0.0172222161393916,0.0745004106647416,0.0659286013033894,-0.0116921190299918
"GSM5571080",-0.0274460373303762,-0.036701298315592,0.00938551054547739,-0.0374573826486841,0.0442984391451274,0.0238226968288998,-0.0298295429766743,0.0874527885056446,0.0360755471866315,-0.038520512068309,-0.0273159971576135,0.0118605506638803,0.0409854407474804,0.0614888629912321,0.0688278051248837,0.0638180416097493,0.0577751730168159,-0.0119990024918833,-0.0717639586346985
"GSM5571081",0.00206238756629307,-0.0360802749179052,-0.0345497208600238,-0.0279933072227389,0.120182353159035,0.0251256241538306,0.0198125853545296,0.0333305529891177,0.0645561171299818,0.0566937255015613,0.0141650980261696,0.0707311202090169,0.036165754680837,0.0950900775370609,-0.0616064951247273,-0.0183316007455474,-0.0365026360026081,-0.0176355268197457,0.00717116156512603
"GSM5571082",-0.00896525060946363,0.0314082659188405,0.0501486466957974,0.0749641937895687,0.0669985903647682,-0.0426644250241234,0.0421236149951977,0.0248610565074485,0.0324243442369011,-0.070245473452088,-0.111777059082517,-0.0839621597146255,-0.076236050735752,-0.0265323636646663,0.0624066220591173,-0.0191910318670054,-0.0288932805290492,-0.0840768879661475,0.000650939668031582
"GSM5571083",-0.0299078476299056,-0.0726465422544287,-0.0143788250926886,-0.0510148302109963,-0.0554651515865479,-0.0379510124738582,-0.0666432405404246,-0.00545585416403217,-0.0411464952258345,0.0757618389794924,0.0399512445260577,0.0280373580708923,0.104887110324437,0.0799293247387023,-0.0430549240667232,0.0305508175126903,0.0496078471664413,0.0865989519468541,-0.0465880898189526
"GSM5571084",-0.00176703089178552,0.0726330117965833,0.0486768758949697,0.0957575580390907,-0.0148366625266988,-0.020358525267698,0.00144523632941502,0.00336684723425516,-0.0275612226906597,-0.0820738044552799,-0.0766186773929521,-0.0778361467785789,-0.0551623320605967,-0.0505203308410719,0.0598280371955487,-0.00937505542189396,-0.040466516524682,-0.074718631647159,0.0413156813492043
"GSM5571085",-0.0234866379508296,-0.0852946820141247,0.00421707173859145,-0.0312780277681128,-0.021666417015543,-0.0301863150780567,-0.06319082360887,-0.0546742688449343,-0.0328777508390446,0.109670319552198,0.0500644513189421,0.0433022927924681,0.0489572529004493,0.00201270732377549,-0.0532708078884878,-0.0159306404729667,0.0299465178177734,0.232776877713299,-0.0511234961832099
"GSM5571086",-0.00831161024504932,0.0237917682242811,0.0804388340357709,0.137723914913192,-0.00865418593806161,-0.0750812050218425,-0.00236794517533155,-0.0403078281024364,-0.0346355066151429,-0.0548584802668291,-0.103331675057936,-0.125526174145275,-0.110295818486118,-0.0896517938960449,0.0719685044759884,-0.0516299576481075,-0.0541523727216198,-0.0744057670800297,-0.000462240076887512
"GSM5571087",0.000606746293595267,-0.0416009984004028,0.0345268358609401,-0.0532230668623404,-0.00324348985232259,-0.025117285908403,-0.0439740831040679,-0.0508849204018079,-0.0356354553063617,0.0820917140528103,0.137837758663044,0.0168472663950731,0.0491242794040362,0.0327738578148998,-0.0623944850306452,-0.0207210633282238,0.0656964738223826,0.0873053275048288,-0.0177924117121887
"GSM5571088",-0.0298827626129187,-0.0398563988001433,-0.0376519560142546,-0.0387537317487385,0.159569888808455,0.0622661636779739,0.00124370558183948,0.119633519990294,0.0805378583063816,-0.0459089334076408,-0.0240726666587056,0.030657722482281,0.0542007748536648,0.0840700790907773,0.0747697526014894,0.0771193732182223,0.00762624231239974,-0.0167447669936992,-0.0626225627574431
"GSM5571089",-0.0123136122838091,-0.038936682767265,0.0675058419481164,0.0898704189917418,0.00711284120792573,-0.0329182558916549,-0.0260534239645036,-0.0618789584677306,2.60713951366848e-05,0.0807566808861405,0.0345903579090048,-0.00488334069268179,-0.0608725543853187,-0.0236302369001727,-0.0600549360529269,-0.0989601005140875,-0.0657383326218815,-0.0403633378669471,0.0048443783836366
"GSM5571090",-0.014580986393372,0.00577519534380938,0.054637942605914,0.093943991580957,0.0907817544208848,-0.00848121762478449,0.00646491600008456,0.00525615271784631,0.0129429544269328,-0.0565353821240914,-0.0959682014915124,-0.06398507916926,-0.0875667288549567,-0.0539449011744773,0.0611133977483431,-0.0269505621119411,-0.045521382827786,-0.0691217782369531,-0.00559280383558394
"GSM5571091",0.00218303090934,-0.00733844901862787,-0.0137806545600039,-0.033321365176636,-0.0366714282194536,0.0573424021684135,-0.0279055123379486,-0.051375458956076,-0.0503623083214616,0.0464163684993507,0.168019291461273,0.0538420142020456,0.00993409110282121,-0.00968946821847386,-0.0566461807920734,-0.0259831031491841,0.0248148728034264,0.0718184135336341,0.0213585544920618
"GSM5571092",-0.0374584425499102,-0.0531411886715759,0.0759968944701679,0.0507247213918282,-0.03318927293713,0.0430251205491524,-0.0372424945990099,0.0335852901174218,-0.0110623600805596,-0.0335298828083307,0.012253055531,0.0308505213310511,-0.0142158907761504,-0.0440948058893076,0.0871213665617497,0.0459377446700426,-0.00232574195828221,-0.0326265923131535,-0.0812380477278454
"GSM5571093",-0.0220302116952342,-0.0591109624204885,-0.111432073938881,-0.0608373689331138,0.0156895650369288,0.0454445620716179,-0.0174645715422768,0.0724739497157415,0.100241296612121,0.0672687557374683,0.00403111691382732,0.086168565853924,0.0774305227760612,0.154529488193994,-0.065298624075551,0.000968257720050916,-0.059472938658374,-0.027960932070988,-0.0412201970837855
"GSM5571094",0.000862464995178085,0.0530220046618148,0.0734705853189493,0.140924067687525,-0.0123271588325339,-0.0611687039262946,-0.00451529557672717,-0.0447991781447986,-0.0357093710201581,-0.0663547002798902,-0.0916944190492147,-0.125948549783495,-0.126534139130053,-0.100937740460979,0.0762025202225986,-0.0547404533558628,-0.0507435989407886,-0.0681476611349539,0.0295569888376516
"GSM5571095",-0.0367088305359815,-0.099045736871631,-0.00285067317553248,-0.0690095249837669,-0.0459280557678939,-0.0520273735431489,-0.0724596676136436,-0.0307428510636465,-0.0371876150659894,0.1126244058561,0.125827854356006,0.0331234628517394,0.0982484444227107,0.0587552735388512,-0.0495092064331001,0.0103757394036211,0.0651248606800502,0.107421823201723,-0.0750944227732219
"GSM5571096",-0.0212898213795259,-0.00731526454561894,0.0479695535501483,0.0463757720221118,0.00524657096532032,-0.0170111642950076,-0.029485299840787,0.0272688475446669,-0.0207207083248618,-0.047929150644716,-0.0388207076192537,-0.0302205222002394,0.00594950304407635,-0.00747261844169907,0.0618816150245158,0.0359490833136428,0.0119588584411679,-0.059444973931177,-0.0263753404867775
"GSM5571097",-0.024083680610165,-0.0127062507509262,0.0216729923643931,-0.00738464592988536,-0.038343323176774,0.0330062555878446,-0.0378872701441732,0.0255869764318081,-0.0372964398700508,-0.0522997719792609,0.07930984304394,0.00979833820596431,0.0305206621906921,-0.0394594081640633,0.0763866009938537,0.0779315067403086,0.0617728286040094,0.0156324129968564,-0.0370360261134094
"GSM5571098",0.00603368079272476,-0.0115115076864107,-0.124159477350386,-0.0582609987603571,-0.0392666696932947,-0.00944619128860812,0.125564875663988,0.0658560511292046,0.164852982716952,0.0462275358070972,0.0095694929644743,0.0559126799913902,0.0362461580172355,0.117653106059928,-0.0749339938472342,-0.0125437599830502,-0.070674436829215,-0.0457113064467353,0.0308756971657634
"GSM5571099",-0.0230773649615546,-0.0798811289445525,-0.0175176561957098,-0.0372586564500968,0.314003043704998,-0.0162131204477085,-0.0277573131526472,-0.00738247740731263,0.0290456697233448,0.0966440897359763,0.057885323496791,0.0494387615315379,0.029071130725404,0.0613044388034674,-0.0615320514162434,-0.0368701103510711,-0.00830302836672531,0.00515527298510944,-0.0385267022433139
"GSM5571100",-0.0467630550367647,-0.0770316745016566,0.0158310967546565,-0.0567645199259746,-0.0687175009818425,0.0246943073515123,-0.0680190693169267,0.0453427215818033,-0.048095662332212,-0.0206736905585629,0.119855702740607,0.0285576201154567,0.0775406063603155,0.00736631150294365,0.0832353880495834,0.0991984983024641,0.103680136882934,0.101439250591691,-0.108723734631738
"GSM5571101",-0.0149303109381878,-0.0320796693882586,-0.022776362984707,-0.0645152613843632,-0.0633007111165712,0.00759277342285663,-0.0397938573096094,0.0106082707654591,-0.0253233619162524,0.0542443154353488,0.0959882868710941,0.0854639193861583,0.0883495975996044,0.0445956468048793,-0.0541352142923372,0.0266051910791773,0.029828334009481,0.0680712832720056,-0.0289581876306836
"GSM5571102",0.019270190843585,-0.0859139513030521,0.0440430930011292,-0.00506499299814915,-0.000524387629311175,-0.00803817366900231,-0.057983111382449,0.0326707731140488,-0.0203253605485955,-0.0188933324210198,0.0479430970465206,-0.016232604544872,0.0380273278923248,0.0113376546399349,0.0752840350483328,0.0526095821489942,0.0705774899637278,0.0371001693354025,-0.105707463456334
"GSM5571103",-0.00705274415502648,-0.0565805959317547,0.0651737690794859,0.072116521720567,0.0171076146248465,-0.044611748508836,-0.0435812726689151,-0.049076291696203,-0.00352554927000823,0.0996319285748938,0.0201674429205339,0.0264118452349049,-0.0367127359370745,-0.00343388452137809,-0.0602390063382699,-0.0870648302100897,-0.0544613514711558,-0.017850371249497,-0.0200881298892392
"GSM5571104",-0.026669699083459,-0.0868697571200732,0.0217723111806823,-0.0402608939355249,0.0264237195418232,-0.0380559868704961,-0.0632521525390672,-0.00970171173565165,-0.0137753749955838,0.105322247380493,0.0362904994199941,0.030305121604401,0.0639709137977737,0.0909123867584983,-0.0607948224887149,-0.0188184672706909,0.0403004963904454,0.0140272494433076,-0.0657745683519045
"GSM5571105",-0.0224073114428557,-0.0765645760270141,-0.0712689415351257,-0.0350654201168651,0.294852280261253,0.0117065194027234,-0.00618792716519994,0.0258564043325521,0.0821852869535862,0.104308912603854,0.0173291891824263,0.0735625065616069,0.00437837712990034,0.100927431943236,-0.0731163926209805,-0.0575461091386319,-0.0894355094631021,-0.0536449990888564,-0.0382088949496688
"GSM5571106",-0.0185235553970952,-0.0662271774900134,0.0481636256028731,0.00999861961439366,-0.0120252144971375,-0.0357688254971978,-0.0545805626966945,-0.0356497025731068,-0.0090347519188522,0.0914155742183323,0.0817295027774898,0.0444752058136135,0.0205755763713145,0.0212035260726642,-0.0624958004466191,-0.0335876916728932,0.000703239881262913,0.0224944035735797,-0.0351021287630884
"GSM5571107",-0.0246570532677887,-0.1037733633548,0.0493966829365209,0.000970052665409693,-0.0280311910692871,-0.0160815031718764,-0.0671341776518099,-0.0225749905277834,-0.0143490662864,0.117631419464168,0.0872600618954025,0.0937359324557964,0.045708677393176,0.0382936475931355,-0.0660855849494273,-0.0292983106415911,-0.0253060888713821,0.0289621096229709,-0.0736367775760442
"GSM5571108",-0.0167051350326011,-0.0617668846653324,0.0201620729751733,-0.0433039887918401,-0.0619704694443821,-0.0193431002642364,-0.0390539380645258,-0.0184354657748828,0.00709102457618195,0.0786094829421848,0.028485420017925,0.0629022453629632,0.0579126437999051,0.048644944201352,-0.0613997367888187,-0.00341650243465381,0.0553125239513858,0.0126877020869145,-0.0306376608301104
"GSM5571109",-0.0154297183892916,-0.0803916596239496,0.0531812262076681,0.018403735494376,0.0616273641767729,-0.0233970855148932,-0.0435599044319457,-0.0135037083509575,0.029078431291686,0.087039119964226,0.0280963907733846,0.0292425672285427,0.00180129739141651,0.0430745429238859,-0.0643707256079449,-0.0469640738780945,-0.00658908031014846,-0.0186980051608248,-0.0419723133910661
"GSM5571110",-0.0191621809695073,-0.0629247182572568,-0.0340441485705709,-0.0668521436910737,-0.028834787095036,-0.0388915799444439,-0.0631095435536481,0.00380506487803331,-0.0443394920497247,0.0723794171844722,0.176426704962127,0.0359586283649626,0.115990915341121,0.0799032510055838,-0.0509005287134208,0.036000302364435,0.042237357433762,0.0761090691673434,-0.029989584113412
"GSM5571111",0.222672413122028,-0.00473762824311047,-0.105533126804759,-0.0488710228903594,-0.045120184504122,0.0785051002549939,0.184434332139061,0.136570571974822,0.168178017429936,-0.0629798681925338,-0.0333679261377694,0.0488157492844152,0.0279072694062593,0.0842102215666426,0.0534563762797943,0.0624590692334849,-0.0413350732017163,-0.0494603608404554,-0.0182930680105801
"GSM5571112",-0.0128059398228188,-0.0542438797847123,-0.119795746462046,-0.0604266874521748,0.0687469383280785,0.0949745093807105,0.00366754718817534,0.0360645676829889,0.0932165371029368,0.077321814138354,0.0490332648843083,0.105321061199841,0.00994680765085336,0.0854471080971153,-0.0793199562900595,-0.0367513181327054,-0.0877870962467941,0.0356021605396795,-0.0131600858500362
"GSM5571113",-0.0233752749772427,-0.0714580686504602,-0.0715875194263075,-0.0463880344173952,-0.0196064129635342,0.0239837652317302,-0.0324765013089774,0.0665484487589891,0.0875799231409743,0.0776167011807693,0.0238622275999902,0.0714291188936798,0.0746009280762746,0.156378765038813,-0.0582049955015332,0.00174047941674416,-0.048227111143358,-0.0221556870599124,-0.0468288131248705
"GSM5571114",0.0274300985358329,0.0357954516475113,0.0469727950257262,0.0879245173827756,-0.00190403676650057,-0.0479157949554928,-0.00521103433620568,-0.0925359165632804,-0.0219387427742624,0.0416865993538048,-0.0195085703236458,-0.0511082127787008,-0.0862523548709357,-0.0521052751072828,-0.076072335429294,-0.120880397822455,-0.0638014947652949,-0.0351046531177302,0.104615337238776
"GSM5571115",-0.000761293656770748,-0.0310956021529383,0.0795760584283661,0.0937982251524726,-0.00895567668994721,-0.0808848520464018,-0.0214355242199828,-0.0896171276228929,-0.0212982958108475,0.087200544148965,-0.0133658138972486,-0.0321991930860534,-0.0720976405812274,-0.0524692559095964,-0.0659473369086784,-0.109952321601962,-0.065115305814315,-0.0330904207013908,0.0173528732968344
"GSM5571116",-0.0203974881189451,-0.0737725501804906,0.044363301083957,-0.0620065322827184,-0.077797126956049,-0.056270955897303,-0.0651986052605322,-0.0586240793825465,-0.0922041606557603,0.0863377107733109,0.0681021439968509,0.00581258391898644,0.0793531731493034,-0.0146128045165988,-0.038723858257345,0.024060982923468,0.11125432624375,0.046275216638945,-0.0499560820609426
"GSM5571117",0.000207938698824887,-0.0424159987255092,0.0854034833230094,0.113766812912258,0.000867090149065061,-0.0988971056237193,-0.0390261810842074,-0.121198306460758,-0.0406519231947795,0.110400241728303,0.0124191849095847,-0.0679504949505696,-0.107325395648657,-0.0671776029887049,-0.0686269593658192,-0.153567888979247,-0.0847468021168529,-0.0415772058739032,0.0138246810470444
"GSM5571118",-0.0289252151937723,-0.106970742898712,0.0144389445780916,-0.0503545595228704,-0.0462112200468737,-0.0149799936578748,-0.0705331515966443,0.00540099242736907,0.00252726999137338,0.112541588150498,0.08415256002997,0.0566035801790608,0.073330831204096,0.0864454489018441,-0.0515916245586746,-0.00213329257745965,0.04218395604713,0.0220032776562859,-0.087368903139421
"GSM5571119",-0.00654380891156062,-0.0401266243531247,0.0661261119890971,0.0759857658689209,0.0230016700378688,-0.0577058559767686,-0.0238472113478405,-0.0549356518267409,-0.00794403150085014,0.0780148679155941,0.00581975427187724,-0.0085899303825574,-0.040889857398309,-0.01831478439397,-0.0585994176649813,-0.0790591625325752,-0.0405367731035243,-0.0560015351728156,-0.00294760783575598
"GSM5571120",0.0105734528786664,-0.0302573070931987,-0.0918563942623515,-0.0524335156927423,0.0449227410969754,0.041026212381577,0.00707590009279762,0.0569656814292453,0.0851248429087091,0.0460992400661747,0.017357965060967,0.0764238539103189,0.0627353410775569,0.117469058929396,-0.0492379053496698,0.0161989991653465,-0.0326674576248325,0.00374827437525693,0.00356249611338977
"GSM5571121",-0.0178249862213627,-0.019570089905162,-0.0036447857374392,0.0165489088726986,0.00463312247267267,-0.013828981815282,0.0163711657921087,0.0408468860787879,0.0841959285928168,0.0390869000789278,-0.00645983493562512,0.0363920168707892,0.0239501156368262,0.0800230787507006,-0.0484053515698755,-0.0110348292757696,-0.0512606788047005,-0.0474075880192923,-0.000204148217877197
"GSM5571122",-0.0152943140373854,-0.0548623569285295,0.0349043224240365,0.0229754193540183,-0.0314007216018268,-0.0250057627479052,-0.0490523069418699,-0.0365678515036063,-0.0119288380275334,0.0746164530900585,0.081281752089897,0.027274704201182,0.0301630393525557,0.0235455740390462,-0.0570141148441101,-0.0274053240280528,0.0151732869228652,0.0132648917185868,-0.0118587884199829
"GSM5571123",-0.00265615754478978,-0.0552739035529436,0.0306409709310468,-0.0582941319156879,-0.0500971836764165,-0.0741540740769791,-0.0520677782853627,-0.0598975651565268,-0.0680139907562768,0.0856391819268119,-0.00975787961621932,-0.00842113449556729,0.0592426774127301,0.0230116744342973,-0.0646437791500305,-0.0162897196487357,0.0558714051031082,0.116134000243164,-0.0265934384423439
"GSM5571124",-0.032359193250306,-0.0991344732695633,0.0761065938552589,0.0304925128842856,0.009026942854911,-0.0245587375407163,-0.0681000389156714,-0.033956810340116,-0.0205922132970557,0.106857714228326,0.0743771639990637,0.0610376938201261,0.0149853305615482,0.0053120941231972,-0.0476283406932578,-0.0294603461263845,-0.0293031837402917,-0.00587094116042496,-0.0704089988878355
"GSM5571125",-0.0265100094913869,-0.00272698021189227,-0.0976462496715655,-0.0490827343843779,0.111805933430144,0.042862219864913,0.00962140432571025,0.135781449509337,0.0761804113999431,-0.0661686236887822,-0.027657025101629,0.0405827060623076,0.058931310898168,0.108740878575259,0.0644730420482209,0.0946447645979426,-0.0287813818825329,-0.0469812739477349,-0.0309707507301313
"GSM5571126",-0.00341861474998239,0.0517421156632247,0.0746256857533368,0.100442480252742,0.000314959508567748,-0.0353198402935995,0.014640016606839,-0.00978904616292714,-0.00630632562950142,-0.0673038012635583,-0.0484312383790908,-0.0636502634004866,-0.0843390503234077,-0.0712751651402154,0.057453789817957,-0.0197628765658291,-0.0353162558044811,-0.0790743442144449,0.0157507969077773
"GSM5571127",-0.00211113407931157,-0.0433370198065699,0.0450714349783918,-0.0486189523780869,-0.0736392462512814,0.0385495013893456,-0.0439003562222268,0.00900856899340729,-0.0196739319260769,-0.0284268758509658,-0.0106171724864584,0.0189178710204306,0.0107012238010364,-0.0416728796914313,0.0694830908991186,0.0621853507296312,0.136927041139939,0.0570355915825157,-0.080021198312204
"GSM5571128",0.00586084295122475,0.0524864527850562,0.079406402329121,-0.027851189587812,-0.0542195135284094,-0.00789269014813677,-0.0154523774058235,-0.114899129881516,-0.1151248183001,-0.0723650140981441,-0.0704146314126464,-0.0939188616045102,-0.0770870337095387,-0.159720824334501,0.076889164514812,0.0152704655674642,0.125421042689366,-0.0369890359780256,0.0152230584636654
"GSM5571129",-0.0076740872135035,0.0319712713489392,-0.0674941633298194,-0.0239316288444087,0.282543841735689,0.0166182557367081,0.139440658377557,0.091294153335765,0.114446350316341,-0.0776086481027091,-0.0553186349965252,-0.0277096779049838,-0.048111171586643,0.0348749446145836,0.0525530280793965,0.0123884846531284,-0.0405471356344472,-0.0789577808798089,0.0228666542355562
"GSM5571130",-0.0225885824378005,0.0105993770743792,-0.0339168418673761,-0.0259273155445173,0.126314079072757,0.111461187250826,-0.00959521206968151,0.0795484336814187,0.0246341078708633,-0.0620356222379262,-0.0125085774526103,0.0397488757541535,0.0082957040832272,0.0312560107198552,0.0627648165990489,0.055674614346487,-0.011590802913335,-0.0462642735689638,-0.0243925898454331
"GSM5571131",0.00607185450845049,0.0662705810595026,-0.160661604554003,-0.0591075701760281,-0.0452454622850332,0.235905333497438,0.0216973401273368,0.0167080266979984,0.00309382203963312,-0.0756477803495614,-0.0603150178700323,0.095040443379555,-0.06622845874225,-0.0942527359128646,0.056465042938278,0.0423266304012583,-0.0837550494191029,0.123620311985,0.0431324293391347
"GSM5571132",-0.00506321718321812,0.0177293247772873,0.0390765829278324,-0.035671217089019,-0.0249547589738373,-0.0193984368749076,-0.0307426952624395,-0.034483117551397,-0.0832771322395062,-0.0627635537655406,0.0603760278925404,-0.0511506417478066,0.0111400342864826,-0.087811153718374,0.0808305341632123,0.0726265654880782,0.123434961886003,0.108814573408315,-0.0171616478394348
"GSM5571133",-0.0185537180405141,0.0118153247372965,-0.0281713962745216,-0.0536183323885151,-0.0553054133454993,-0.0441623004460884,-0.0249721670073596,0.0387128719629663,-0.0508043438164203,-0.0547661955589577,0.00818052016992253,-0.0531860612814367,0.0780890408577677,0.0235505766423706,0.0681556555808467,0.0903701250901013,0.0647950489352178,0.00399662414709673,-0.0146773592711934
"GSM5571134",0.0101425615924111,0.117959103973013,0.010209996588993,0.0802543851329509,0.0231618071644322,0.000799079152424205,0.0333057989492123,0.0229941290846397,0.00782832719526267,-0.119375132553185,-0.0466221561952491,-0.0586838044407468,-0.0570387462419316,-0.0453993379762265,0.044306213312484,0.00443170527687703,-0.0477138411333285,-0.0480709601764463,0.093957605463843
"GSM5571135",-0.016223346924474,0.0153324054927983,0.00407036659590333,-0.039669275613533,-0.0150593862995727,0.00237356225606384,-0.0315379593764417,0.0140356808063467,-0.0525941858645293,-0.0483513566400626,0.0907267181338094,-0.0179858199933927,0.0368590091322933,-0.027792718033635,0.0688353722813869,0.0726895815845632,0.0849350085821787,0.0848816544539055,-0.0176613779346735
"GSM5571136",-0.0160276892569267,0.000891209235235244,-0.150333975812805,-0.064925224346883,-0.0530825757968083,0.0925331104882075,0.173930403814402,0.132467896419907,0.159793786331309,-0.0635688523863175,0.0218815001588039,0.0895896980662969,0.0287801993199557,0.057710421951019,0.0503176969518026,0.0823202553332645,-0.0731023644332137,-0.0512397844762796,-0.0173847824937292
"GSM5571137",-0.0197569450957869,0.0212315382153508,0.0481038562832978,0.0687832917475565,0.0341396524266536,0.0049182026722869,0.0213505836864996,0.0395160713345773,0.020400506152448,-0.0705372911007244,-0.0443441815709545,-0.012556519994722,-0.0341510635256869,-0.0295132397722244,0.0713773301265888,0.0319330696964007,-0.0203299391964117,-0.0351454842940057,-0.0144556472897008
"GSM5571138",-0.0235568728855881,0.00541013189534543,-0.157805221244718,-0.0688905612647375,-0.0621052548655332,0.27457227102607,0.0145937115681813,0.00668437425643408,0.00127613475073337,-0.0397414118129344,0.00841098911483169,0.119323248128319,-0.0805336322627273,-0.0959471867128032,0.0661500430827334,0.0303106117497605,-0.0999435468646398,0.0207437750404525,-0.0327751904946756
"GSM5571139",-0.0329461529274686,-0.037678503419698,-0.0814549151143599,-0.0694257940812351,-0.046813835742534,0.158543216682863,0.0542174821628018,0.104119466175169,0.0948860979081788,-0.0443698803222013,0.000245523269980976,0.0767992927745326,0.0243845435238589,0.0504365877488732,0.0577083092737318,0.069114820610119,0.00178716794901981,-0.011058733965415,-0.0546370024918227
"GSM5571140",-0.0103141962323736,0.0153299338284993,-0.137466103803947,-0.0502234351407195,-0.0460099673633291,0.0249132228098195,0.312374591104951,0.135571085409493,0.218988329951512,-0.0676722380932375,-0.0386828675161596,0.0337343566986345,0.00248347833739471,0.0672022366994214,0.0481953076888022,0.0511878618012857,-0.0765298110308691,-0.0720501134031973,-0.00054166973991075
"GSM5571141",-0.0159056547992665,0.0448479555855111,0.0470237722897919,0.0723568526413442,0.000988981998979801,-0.0277902754317263,-0.000843811955753999,0.0257304090104136,-0.00759631419334628,-0.0817810709584575,-0.063794375656133,-0.0614183510122713,-0.0250486266318001,-0.0245513085151751,0.062817572624215,0.024783086587834,-0.0244956698196124,-0.0720941778134749,0.0100198077501711
"GSM5571142",-0.0103345144093695,0.00584108086745504,-0.155654530580288,-0.0677274706930462,-0.0528295151194509,0.156203727969157,0.103834946665322,0.101408674136964,0.11514123421637,-0.0624882915447921,-0.0647337911493299,0.0810034841962603,-0.000205242415350273,0.0170929242685782,0.0517590165811387,0.0614968749011519,-0.0845052419172647,-0.000705984628988307,-0.000406630733557047
"GSM5571143",-0.0225803287070069,-0.00909373656097471,0.0171299641943924,0.0219167295313291,0.0216308170163809,0.000338489242120832,0.0650894598664618,0.0772700080190685,0.0661961478360575,-0.0581490177859086,-0.0478012000525732,0.00299001446353818,0.0173139760364108,0.0266776878462829,0.0613090636310848,0.0504529174907481,-0.00736261808799383,-0.0283189062986141,-0.0308844003388355
"GSM5571144",0.00405518401583592,0.0451487704400177,0.014944599669668,-0.0646377358893117,-0.0590001559555358,-0.0352804081410021,-0.0133145892632002,-0.0563762976268648,-0.0967050588984057,-0.0737057733035496,0.0197519089973879,-0.0589913556484024,0.0227916970185321,-0.112646425195661,0.0696466172211009,0.086152778505842,0.14335686814134,0.0566516894449418,0.0270501495954687
"GSM5571145",-0.0101463393399539,0.0450548250188484,0.07331355212135,0.11873985975206,-0.0177393422174221,-0.0459976897907042,-0.00100886519925514,-0.0200683349246811,-0.0173275044562302,-0.0687288325796034,-0.0417245106735211,-0.0971200522969007,-0.103062088716214,-0.0810565973889081,0.0694751401815356,-0.0347824251561377,-0.0494810527128672,-0.0746650720627938,0.013968116893805
"GSM5571146",0.0390674373990152,-0.011229956646103,0.0545510647806776,-0.0370518343158195,-0.0432291429443377,0.00341848657393766,-0.0288324793730533,0.0198476956409548,-0.0300239990337743,-0.0566713237563637,0.0610847991651485,-0.00574356393273705,0.0266849436972025,-0.0265854582646583,0.0760358242654198,0.0822602456726363,0.123339919587372,0.0130257416604737,-0.0522267313689244
"GSM5571147",0.00429510028316214,0.0903507876600936,0.0669392687383772,0.123303781663427,-0.0243584641428558,-0.0459671533375098,0.0230623119789566,-0.0445259688284832,-0.0328178708332009,-0.0856824104061824,-0.100704707566821,-0.116358704130862,-0.119883657838665,-0.100314340211324,0.0529005984363931,-0.0582938150826368,-0.047633065875143,-0.0719406032723997,0.061767208507114
"GSM5571148",-0.00563551871252834,0.0439221516026724,-0.0166532151449162,-0.0497117448056926,-0.0272551210458703,0.00473381816127609,-0.00257716415316257,0.0560202219246375,-0.0254423003628154,-0.0858250055947378,0.0569216297933221,-0.0253329835452466,0.0584341389768911,0.0254544435092848,0.0688594709773444,0.097286266572496,0.0883854937375896,-0.000242323819872195,0.0109460297666815
"GSM5571149",-0.00593840571337277,0.0347884997316301,-0.0871056628857868,-0.0481354266409429,0.00375796912655996,0.0429862238692975,0.0229898279901004,0.115693050599228,0.0830175546867068,-0.0877705419642568,-0.0566738561630574,0.0135127573445217,0.0292967104406419,0.0758374025715693,0.0429295620114899,0.0675028767657446,-0.023793829890585,-0.0458836584308817,0.0282942495342561
"GSM5571150",-0.00113913817944591,0.0704053362365176,-0.00338643933582753,-0.043633335344862,0.00342852539256859,-0.0362005587626416,-0.00299115748127929,0.0130461440531693,-0.0521437051946936,-0.0865652096990561,0.0329664914512748,-0.0853560172832149,0.0184475582065711,-0.0105422847850153,0.0715640141136673,0.0693975899683947,0.107276140481056,0.0492843091555328,0.0405546493352907
"GSM5571151",-0.027574740174433,-0.0262073695053238,-0.00126828409245252,-0.0604781920424284,-0.0027684634584387,0.0475408237097571,-0.0374212779244997,0.047167451169936,-0.0306603553895359,-0.0486534337561505,-0.0154033547003001,0.025177362265559,0.0642602494037872,0.0186903956716068,0.0741108541019995,0.101009482912634,0.100029892441303,0.024217886696418,-0.0589908378727159
"GSM5571152",-0.0169396500736717,0.00888359820519882,-0.15013467269614,-0.0619508088078142,-0.0207835330240305,0.127721301764047,0.233396373905771,0.136332119061944,0.172949906051076,-0.0640760399939569,0.00557136832301654,0.0778335457623302,-0.00542531825732948,0.0541378713816675,0.0533473559720493,0.063118324270198,-0.0779848083999782,-0.0602689545516596,-0.0187480646309321
"GSM5571153",-0.0281764800228996,-0.0196295897750145,0.0149638346678552,0.0293336205267164,0.0066615110152459,0.0685877578006705,-0.0226622270273992,0.07052206161348,0.0270529158837802,-0.0572379022355526,0.0533701180779759,0.0289404280483682,-0.00663188478253515,0.0203228356833527,0.0636570742355736,0.0411949688878574,-0.0291158698945017,-0.0569516933988469,-0.0449554172883369
"GSM5571154",-0.0208136008116005,-0.0310009731386748,0.0469355868682155,-0.0593629765300471,-0.0655582376577085,0.00514595162563396,-0.0455745616714444,0.00639204415295548,-0.0679121886805327,-0.0482821041003577,0.0288331861619235,0.00160018139376942,0.0532588611500896,-0.0302587132613287,0.0824613822804907,0.101915737308348,0.144108589576166,0.0355954274108634,-0.0569792587029723
"GSM5571155",0.0364801896018827,-0.0171673052213295,0.0270917249697412,0.00721543213933588,0.0256793526811881,-0.00522322027154774,-0.0403996375297045,0.0205108961518739,-0.0373550735232929,-0.0529094540298799,0.0308289081992651,-0.0136091799167142,0.0238973853853241,-0.0174739895734853,0.0800778702633542,0.0678285294814196,0.0657797505539854,0.0603716296854187,-0.041618654573492
"GSM5571156",-0.00438815641239231,0.00654014333638101,0.00221969024301159,0.0466679675902805,-0.026492772609074,-0.00692778725555983,0.0505672479789888,0.0780889591665687,0.0734436898496735,-0.0713270083358626,-0.078204469352752,-0.0221737569495784,-0.00727530374689596,0.0363596032080017,0.045804422771929,0.0306099869909199,-0.0559060449559651,-0.0427572195195176,0.0251146645691302
"GSM5571157",-0.0179586992421507,0.00464587313510786,0.0320325040320799,0.046212278830122,-0.00795206536321446,0.0307776914047624,-0.00277643141811139,0.0486312770173509,0.00694555672713897,-0.0672361515138859,-0.0456886565785558,-0.0010031442198856,-0.0133736556252834,-0.00611738264236826,0.0612148147488055,0.0376886272241133,-0.0128950498544211,-0.0398193894187385,-0.00189473341393035
"GSM5571158",-0.0331802163442163,-0.0466395010814713,-0.162241628228306,-0.0757530635800584,-0.0670998831110258,0.283841714485998,-0.00296296216521117,0.0185550680173878,0.0181398949747257,-0.0217594673167777,-0.000894192875900927,0.136473771284937,-0.0707326980548044,-0.0982283897472401,0.0791339399020801,0.0407419973948894,-0.101404202535255,0.13566945013469,-0.0669012441252087
"GSM5571159",-0.0310099745736656,-0.0479887789461427,-0.120903748021973,-0.0647669829238768,0.00692395980861668,0.136125421863145,0.0776186335751492,0.136578229025849,0.151998458232433,-0.0335602526381199,-0.01745895862158,0.0801344624713977,0.0375985318067618,0.0948854360160953,0.0565603559349281,0.0736544060195763,-0.0500526554187226,-0.0364827809152879,-0.0681152452279518
"GSM5571160",-0.0408463589383192,-0.0691174970569085,-0.0483586484043851,-0.0428657697069223,0.111231937013532,0.0780654463987009,-0.0212385703696643,0.135718764779591,0.0716491856622064,-0.0376732060806513,-0.00529102149142952,0.0519948455010388,0.0662880301527113,0.112027565573991,0.079615392393077,0.0968596133110461,-0.0082182749854274,-0.0266346074126828,-0.0920313744239694
"GSM5571161",-0.0110209853111609,0.00103441885761613,-0.000161532030923171,-0.0634189901022948,-0.0626664550195787,-0.0505522030888186,-0.0413973361242274,-0.0402645658180028,-0.108241390648537,-0.0480280148099998,-0.0429330789601911,-0.0714628422453679,0.0370680376901136,-0.0645212483873188,0.0817765414713945,0.0884874823690884,0.140364022088869,-0.0146313306558165,-0.011650980373082
"GSM5571162",-0.0260169641771687,-0.0123732119729345,-0.00696146274011427,-0.0614122977011113,-0.0526569456863437,-0.0449268987072085,-0.0435613479496509,0.000260682630531333,-0.0756390734620334,-0.0558902965698372,0.0107452626310504,-0.0669639046114473,0.0669180368053823,-0.0277758099758545,0.0871847364355471,0.109577792514298,0.126591754131686,0.0144784527986129,-0.0424855103766515
"GSM5571163",-0.0291539226718846,-0.0382758299018816,0.0162234785311067,0.000697276280070414,0.0640080414192241,0.0647890052486885,-0.0272282890876032,0.082879301237193,0.0287126297531538,-0.0456419847525684,0.0259699863087741,0.0491251539472442,0.0253382788759602,0.0289152135737119,0.0746018030079792,0.0736656256724366,0.00062189798321902,-0.0183576861415127,-0.0581803446953156
"GSM5571164",-0.0338193724579103,-0.0478712949252739,-0.0742125141471201,-0.075388982577388,-0.0759538858450951,0.208273054461016,0.0451087788535456,0.0405280299543655,0.0423864910173265,-0.0312076982315418,0.00863929292587838,0.0950900089905225,-0.0111802555292469,-0.051817752055143,0.0741448916612497,0.0546798294839362,0.024620274353707,0.0367590014564032,-0.067164473236094
"GSM5571165",-0.0254073753221387,-0.0280389624445681,0.0229714263172273,-0.0396117763604903,-0.0527650040034245,0.026483446552779,-0.0416874804982282,0.0129871153869303,-0.0496884747154818,-0.0378962507486826,-0.01103591250722,-0.020489413440304,0.0299645514871267,-0.0174551155398205,0.0795300221576888,0.0624457676477061,0.109161313195012,0.046510223127471,-0.0633974124445184
"GSM5571166",-0.00462290862388444,0.0306019913449991,0.0190522912491287,0.0512843575427448,-0.0134878563785286,0.00305052185425349,0.0507553087134285,0.0493016295059283,0.0377306577977088,-0.083181954282938,-0.0865839669886445,-0.016972224396806,-0.0172499774015185,-0.0133317811526208,0.0634942772072142,0.0406848066084915,-0.0326518834180674,-0.0298255900198293,0.0303900096436068
"GSM5571167",-0.0152465667604945,0.00226211213787715,-0.121370790775439,-0.0549800204096082,-0.0267450278045054,0.121397221193942,0.0347985729893824,0.124708319725166,0.0773120231721293,-0.0688104636546889,-0.0264132464348785,0.0776236371636171,0.0526925549740133,0.0813810396112335,0.0605048873308808,0.092326278780127,-0.0486649107753914,-0.0219013919739946,-0.0143783182285873
"GSM5571168",0.616165364891358,0.0450823961243846,0.0543325670091942,-0.0227686930821238,-0.041096053155312,0.0428802722596435,0.0103561329356332,-0.0467112172622055,-0.0333617057186373,-0.0762453239882946,-0.0280560745735937,-0.0442944443385326,-0.0637602666495085,-0.0941975083483797,0.0606329965746767,0.0164215163500227,0.0757014933765504,0.00786270625521624,0.00902638969181262
"GSM5571170",0.0530258146192115,0.166317872785117,-0.152154536286953,-0.0443793267233654,-0.0151657504501553,-0.0179341472569128,0.109592118399522,-0.010270471677102,0.0931832841191121,-0.0498251678904995,-0.105175683090178,-0.029721088094713,-0.0572842772800228,-0.0481374804641006,-0.0854911254406683,-0.0471331261726281,-0.0831658925418836,-0.0203376940488842,0.181960374131426
"GSM5571172",0.0287736385570571,0.130926596790855,-0.0162936642582827,-0.0366057992695231,0.0502703167590633,-0.00449052330819743,0.017336419024977,-0.0671499312349784,-0.0509282998775081,-0.0481608411699276,-0.0121874545546775,-0.0517861997608044,-0.0413436769759442,-0.0616656750739478,-0.0638032113369256,-0.0452036605179039,0.0475677577074081,-0.00529919744816211,0.126713880134245
"GSM5571173",0.00339983274028715,0.0791333092856395,0.062783163284011,0.0446743084724236,-0.0173161872430523,-0.0488084408601322,-0.0120634380216451,-0.0667739293413854,-0.0671315066085433,-0.023541732531773,-0.0505180050964297,-0.0377030897378567,-0.0399998114206113,-0.0777230729686311,-0.0327868581239654,-0.0311532809757025,-0.0209137096115762,-0.0356965058532354,0.0684836901550467
"GSM5571174",-0.0169570215854251,0.00761782896192948,0.0144421517754035,-0.0346410043535137,-0.0402450836556914,-0.0577528436000948,-0.0373399141683534,-0.0371164888150376,-0.0789631113464009,0.014955202264779,-0.0224643749234438,-0.0337761036483545,0.0559401881226807,-0.0299097404489558,-0.0168751381369528,0.0364593225376167,0.0946884248645287,0.0787794697846006,-0.00704408335992103
"GSM5571176",-0.0128535030268498,0.0257431952588633,-0.0535979798661404,-0.0592315749330498,-0.0562972416914568,-0.0169113336321729,0.033719115187626,0.0157946071354909,0.0370808365178893,0.0331932949503509,0.0466643188680551,0.0532775807088196,0.0609214461254405,0.0280021854700374,-0.0476381747475898,0.0131443438484715,0.0185070803426987,-0.0198006160427632,-0.00695211290337908
"GSM5571177",0.00118603065025026,-0.00844872719793849,-0.135236482549066,-0.0667047026373433,-0.0556240420913182,0.127567347310764,0.0615134847447354,0.0683406724103098,0.115784033500972,0.0233276712957877,-0.00373504022287334,0.118110450021794,0.0125949954342259,0.0490816553007048,-0.0395283549886047,0.00808312883561759,-0.0796092082825616,-0.0323370775839077,-0.0199418238958757
"GSM5571178",0.0904677880824137,0.269949396182319,-0.00334699309967745,0.0755654647711031,0.0217458545715924,-0.0441384366002954,0.0696476187804054,-0.157426225808888,-0.0859891155512259,-0.102243621405249,-0.140825598437399,-0.170367101611484,-0.192898675959728,-0.140835608762703,-0.102695909100728,-0.160285256316689,-0.0767062471142558,-0.0360690685450577,0.307346656120261
"GSM5571179",-0.00961858709900434,0.0393627273574767,-0.0223053984738901,-0.0594003345609776,-0.0282077633474439,-0.0332264383041334,-0.0312451688224627,-0.00511392719941096,-0.0650633965941493,-0.0037394443046381,0.00736401250488535,0.00343239385856137,0.0757312301575184,0.0352219123237955,-0.0395600626001135,0.0137029091795514,0.0501350013828329,0.000868859665337655,0.00750324852388273
"GSM5571180",-0.00955298761499771,0.0587784140171678,0.0641899713334875,0.0376011558549246,-0.0214068299797165,-0.0192792377078332,-0.0142628913047982,-0.0250654096095275,-0.0511340633465127,-0.0209375058053599,0.00273722448365872,-0.000995218736887971,-0.00559402204376618,-0.0518420855470576,-0.00798514136833999,0.0107286236727447,-0.00759076408401983,-0.0402884199810709,0.030306937013968
"GSM5571181",-0.00632090551589458,0.0608015990759157,-0.0816913665701497,-0.0605716208501927,-0.0357961649970695,-0.0144320795509006,0.0118799667301878,0.0191918392160369,0.0276637217111188,0.0104712760488991,0.00649679728611757,0.0168866556285783,0.0476707418279125,0.0416699704943151,-0.0461097053868603,0.0134496432119797,0.0287857384982035,0.0624658718602576,0.0300787145396764
"GSM5571182",-0.005952938429903,0.0418321516530849,0.0520268841107592,0.050771856247978,0.0783877686535579,-0.0363556570378048,-0.0151946724195222,-0.0321421249497825,-0.0266745762858236,0.0118910360003782,-0.0122355576419443,0.00133933443620188,-0.0235375332295766,-0.0226907982161637,-0.0413608631002256,-0.0441233406441363,-0.0413613722892472,-0.0523265915566505,0.0235860059278526
"GSM5571183",0.0158886863704047,0.0832825309530884,0.0549590866646384,0.0966164491099943,0.0311246372980362,-0.0825304177298926,0.0336513975453401,-0.0838213118032513,-0.0202966879820113,-0.00157484111704326,-0.0912465754769109,-0.0991391613009554,-0.105853290595067,-0.0805648413746571,-0.0479954335199177,-0.106237868029381,-0.0681601384599334,-0.0678891497663765,0.0786255249032545
"GSM5571184",-0.00325904084056258,0.0453282281239395,0.0192549042660012,0.0294849566260159,-0.0140401845143314,-0.0493112999322144,-0.0143733110711669,-0.0503201227979334,-0.0436612144230252,0.00482993230790042,0.021745886620706,-0.0437382386642846,-0.0102832550379671,-0.0337158585654733,-0.0411016317766198,-0.0332720934772027,0.0163340237113296,0.00275148806111643,0.0331616198424191
"GSM5571185",0.0750068716043865,0.250499353907722,0.00212922671855982,0.0761499637550096,0.0244512231343422,-0.0548700251276414,0.0616775448080118,-0.150073563866785,-0.0692995979416105,-0.0672166129917184,-0.113892623997913,-0.156208983087613,-0.177812473495084,-0.128389942241672,-0.11315547034203,-0.157559990036186,-0.0785520690748781,-0.038486213709471,0.261512117284677
"GSM5571186",0.00425416085136266,0.0414833197133299,-0.00894611841270194,-0.0253383718534609,-0.0416093791738325,-0.0416269492352639,-0.0209488859480652,-0.0664597364562893,-0.0423413106219502,0.0519891222115365,0.158340811755091,0.018608692041398,0.0215659908606675,-0.0284536716581499,-0.0803053479004678,-0.0443556177510572,0.0237145202324365,0.0153197628496885,0.0229917113542575
"GSM5571187",-0.0131079017331645,-0.0175999925162484,0.0439157565048205,-0.0479441178442872,-0.0207295227389619,-0.0103252344217642,-0.0418833968040834,-0.0190573903356494,-0.0339560735907418,0.0437877628001912,0.0658864073575283,0.0245140802630185,0.0324070370482955,0.0083526525779998,-0.0292584103623008,0.00830363941663433,0.0931869712178066,0.0665135053765304,-0.0477404512551046
"GSM5571188",-0.00592428024793241,0.0200295009168541,0.0159049519461651,-0.0482398203556943,-0.0279741596401472,-0.0322805340452437,-0.0367637061170437,-0.0689105434990097,-0.0531622825227961,0.0627913281064331,0.0567409490076135,0.0149779882634679,0.00942876015689852,0.00223025146395274,-0.0739367763633638,-0.0511447591896354,0.0298470211306526,0.0419427249266461,-0.00125184199797669
"GSM5571189",-0.0106377155543184,0.0488228695034391,-0.0890004512137823,-0.0425069828340723,0.0932013263816207,-0.00476665203621613,-0.000746991574733788,0.0694646356405928,0.035398628968386,-0.0163321816078251,-0.015208956115229,0.0160756866927919,0.0558532991674592,0.116410478397013,-0.0468955341185483,0.0172415909676496,-0.0429933136557536,-0.0588075788537392,0.0319231679748428
"GSM5571190",-0.0170292101005139,-0.00927934430382758,0.033938568977618,-0.0386241135583449,-0.026296576771003,-0.0100918597640759,-0.0389738087440383,-0.0507111761870734,-0.0583755366317631,0.0346917644592619,0.0715355693924613,-0.00267000188933202,0.0141440407621703,-0.0259891410949695,-0.0347076207025249,-0.00196477250723624,0.0866110592917216,0.0353385433528319,-0.00940075783508522
"GSM5571191",0.0509738999748356,0.203663414047825,0.0283468116599284,0.0863052831555148,0.0124468736454103,-0.0613581256187552,0.0485128337266699,-0.116136241292859,-0.0454462628643001,-0.0683911591592973,-0.117420897093849,-0.132033563815561,-0.147948955537832,-0.0998695700673799,-0.0802959798448949,-0.128820772548184,-0.0654116263072674,-0.0391685207117581,0.199934767717065
"GSM5571192",0.00190595340271806,0.0659112201453789,0.0315772465139668,0.06254665402386,-0.00919055706244431,-0.049545917280516,0.0581738555297783,-0.014923486512368,0.0224476721207336,-0.0252471368045218,-0.085794585027963,-0.0374329284814058,-0.0440902782769628,-0.0225745667084468,-0.052968881514627,-0.0469757664625846,-0.0493987204718853,-0.0551449896026268,0.0804141163072181
"GSM5571193",0.00686986226220229,0.0923096873537722,0.00438772926164078,0.0393242346771044,0.0244190503504043,-0.0467108284395276,-0.00276816963504251,-0.0608798753740055,-0.0192768060393584,0.00401915404813366,-0.0177518012192445,-0.0304380062619483,-0.047565537997049,-0.0180898333650868,-0.090577353302725,-0.0956025291349022,-0.0548898125516341,-0.0487475963506361,0.0894716763594843
"GSM5571194",0.0300710060902089,0.147558144069556,0.0510059745019024,0.0967619602809425,0.00880420496515086,-0.0704724910560727,0.0284035091669605,-0.122106505569061,-0.057954568057776,-0.0313356945271215,-0.107664202264617,-0.121615405934719,-0.137902179442069,-0.109792658362443,-0.0686724645735639,-0.122628820800622,-0.0723734387078934,-0.0649148938313897,0.145675327063817
"GSM5571195",-0.00396531324698696,0.0563675194104167,-0.013965131276184,-0.0519622481365785,-0.0579440953226023,-0.0643467175135697,-0.0317032767034307,-0.100744216370038,-0.102784192349912,0.0346389090997585,0.0509418202793779,-0.0386209723208699,0.0263625897886361,-0.0714227640255952,-0.0481164554830939,-0.0118366452380982,0.0575015636886417,0.179314449196658,0.0238094129169357
"GSM5571196",0.0022813327330979,0.0852136862271581,-0.112069546106777,-0.0566837562950256,-0.0420750658437318,0.036076443894198,0.0141223305946013,-0.000861078457157426,-0.00336232500163548,0.0157658293439235,0.0290590095940513,0.0625131413377509,0.0458874941250055,0.0558691034663028,-0.0875789573963099,-0.0191594469196505,-0.0376937342511688,-0.0142790339835731,0.0612223867051088
"GSM5571197",0.0723568063549761,0.00406000708950567,-0.000362774989784372,-0.0511637559028485,-0.0370865468465571,-0.0585913442854843,-0.0383156385426666,-0.0392330603844058,-0.0668074273940869,0.0556334448350363,0.0413803917139703,-0.00395401833000824,0.0599098519299291,0.0110181264827431,-0.0529743669597313,-0.00110869783520394,0.0552055724082335,0.0182287545641314,-0.0315809939912161
"GSM5571198",0.037588835013023,0.123275256209437,0.0565905680907588,0.058583279364002,-0.00957628303637483,-0.0541882008402053,0.0243157965872309,-0.0556960469260981,-0.0327741395328101,-0.0434539155371675,-0.102185345049104,-0.0634541446731718,-0.0498054226952442,-0.065700112482319,-0.0505208124612708,-0.0469140082279064,-0.0212301353776515,-0.0584117522417673,0.114967208586813
"GSM5571199",0.0201482943032571,0.124068812416868,0.0573870064045532,0.0870627639467046,-0.0148283559036576,-0.0665339556601208,0.0179832547116822,-0.0775131927140792,-0.0413537210034411,-0.0430731664913067,-0.098974351588741,-0.104210799107255,-0.0821299719806195,-0.0780725752895067,-0.0501966827551519,-0.0818072632801603,-0.030625046717061,-0.0585899003560293,0.120063728717414
"GSM5571200",-0.00694332655009072,0.0469508313607088,0.0408560312585539,0.042175093580776,-0.0268714170174578,-0.0374102356979042,-0.00208198210195931,-0.0263354361795705,-0.0119404607435418,0.00456347305873294,-0.0381979656799607,-0.0307921787461307,-0.0111428221817523,0.00284462502809178,-0.050059226146375,-0.0403037925207772,-0.00789702980218144,-0.0517835206548682,0.0308658492453148
"GSM5571201",-0.000391252407580921,0.0428337248249954,-0.0408751403670047,-0.0116982909565475,0.0378806850877128,0.00504711792053638,-0.00686256306140276,0.0460069782711939,0.0260321285305286,-0.000616834718886227,-0.0354157626416726,0.0292351647061308,0.0335814825067783,0.0825798272494926,-0.0431335200945088,0.00332946617384511,-0.0318316477484801,-0.0555812137200058,0.0259672051919001
"GSM5571202",-0.00951429487391638,0.051719771463351,0.0148025472740077,0.0138700422601607,0.01168729224789,-0.0551572827527423,-0.019346899815856,-0.0143602439532006,-0.0380138017074021,0.000249176098672334,-0.0166503114645686,-0.041492207601889,0.0374794279361309,0.0306894579243117,-0.03809362787109,8.81132099289834e-05,0.0522906861650982,-0.0537078021089723,0.0306287000812447
"GSM5571203",0.0537135025357327,0.1933574597472,0.013611594671924,0.0538643602785686,0.00644518352951053,-0.0437108620009832,0.0387984865301695,-0.122582494394337,-0.0773193213588328,-0.0557527901138721,-0.0812047873364964,-0.0782669986257076,-0.117825564111173,-0.110905928791313,-0.0832611858206325,-0.10565972597191,-0.057341158977802,-0.0318936321420875,0.198738825418547
"GSM5571204",0.0856984059774027,0.222412232646338,-0.0115130725790895,0.0620713416865157,0.0262871737175067,-0.0374024046682786,0.0554582283208397,-0.130842915013132,-0.0599819577768775,-0.0671212951874267,-0.102185736041146,-0.111255306779758,-0.148868200715242,-0.102473869665092,-0.10406566426382,-0.144189987480816,-0.0749656827511877,-0.0273464630671146,0.260086167683507
"GSM5571205",-0.000385214070192008,0.094744576883941,0.0121824824052057,0.0245909201490495,0.00631469594382827,-0.0125949653051141,0.0011696231296618,-0.0353061377314914,-0.0162090162787387,-0.00482409807137584,-0.0082302678846405,-0.00684706933237384,-0.0340198684668919,-0.0098813500965141,-0.0725658705821363,-0.0681908705472643,-0.0484418688676758,-0.0428888349978096,0.0637564928346909
"GSM5571206",0.00983255465666764,0.0933107126960598,0.00900601725592732,0.0442892730195628,-0.0192101637817197,-0.0212286754126463,0.0328932752396311,-0.0219433317224142,0.031087153650856,-0.0140712182851069,-0.0642859072879878,-0.0193221770165407,-0.0427025950438546,-0.0108312961512109,-0.0713251208822182,-0.0761605089607846,-0.067427018508407,-0.0483744224620349,0.0882208652329899
"GSM5571207",0.0511773726317799,0.0509101251256166,-0.145586051516347,-0.0573876358735776,-0.0428055556939927,-0.00207439710443407,0.101890909841723,0.0827462101512492,0.157943287046164,0.0201852984098037,0.00282629102437322,0.0705687929848842,0.0349019225724968,0.106755118064122,-0.0707195166239817,-0.0201309155907713,-0.090607814573891,-0.0374272095140426,0.0355751624690879
"GSM5571208",0.00759428019887543,0.0662571723283978,-0.157257881951736,-0.0630227100634532,-0.0498160339325375,0.0346236647034899,0.112311005242269,0.0583867029158589,0.0818468851913615,-0.00903644115651977,-0.0568569733425278,0.0982581792898255,0.0396060518882291,0.0361082428869911,-0.0598516943777234,0.0207667023094523,-0.076074021227229,-0.0532267906534941,0.0537490903691926
"GSM5571209",-0.0146212775277588,0.004098932306435,0.0135877654848428,-0.00281059893396117,0.155316866369032,-0.0130995326817562,0.00834563060721625,0.0323841272198646,0.0253522773829312,0.00535914620233926,-0.0500698362845164,0.0199831841637592,0.0128182630130755,0.0477673750014608,-0.0386668450320806,-0.00548965885058387,1.46662947236463e-05,-0.0786686360172519,-0.00423611278960027
"GSM5571210",0.0378596538935404,0.159254501975841,0.0419834782574345,0.104052967988087,0.0147923912622626,-0.0682374703630645,0.0426216262340574,-0.10210479373522,-0.0594752407646606,-0.0718860357649128,-0.125985109643307,-0.144231283853844,-0.140048937044531,-0.105369670606403,-0.0539547291776734,-0.11077498274843,-0.0617997187542467,-0.062730981003081,0.178340843792831
"GSM5571211",0.0311606383918749,0.13753763640464,0.0369523521782189,0.0726201999848375,-0.0165626120324246,-0.0618145909213519,0.0203818518899651,-0.077341907013614,-0.0482350147847142,-0.067826728799985,-0.111607989501118,-0.121488202750912,-0.0861892348395434,-0.0732635979894341,-0.0627485307385893,-0.0820518386642363,-0.0362743162975398,-0.0514038848508742,0.151585263803464
