"","ID","Description","GeneRatio","BgRatio","RichFactor","FoldEnrichment","zScore","pvalue","p.adjust","qvalue","geneID","Count"
"GO:0031589","GO:0031589","cell-substrate adhesion","17/78","361/18805",0.0470914127423823,11.3532566233397,12.8186219800235,9.71318771627985e-14,1.73089005104107e-10,1.31076912129166e-10,"ANTXR1/CDH11/FN1/ITGA3/ITGB4/ITGA2/FERMT1/GREM1/ITGB6/CEACAM6/PLAU/ADAMTS12/COL1A1/POSTN/EDIL3/EFNA5/MMP14",17
"GO:0007160","GO:0007160","cell-matrix adhesion","14/78","240/18805",0.0583333333333333,14.0635683760684,13.1449301957139,1.03234863393968e-12,9.19822632840252e-10,6.9656365721614e-10,"CDH11/FN1/ITGA3/ITGB4/ITGA2/FERMT1/GREM1/ITGB6/CEACAM6/PLAU/ADAMTS12/POSTN/EFNA5/MMP14",14
"GO:0030198","GO:0030198","extracellular matrix organization","15/78","339/18805",0.0442477876106195,10.6676877694577,11.5924269192554,7.93313240471031e-12,3.07430614649817e-09,2.32811180802803e-09,"ANTXR1/CTSK/AEBP1/SULF2/OLFML2B/COL12A1/ITGA2/FERMT1/SULF1/GREM1/SERPINB5/ADAMTS12/COL1A1/POSTN/MMP14",15
"GO:0043062","GO:0043062","extracellular structure organization","15/78","340/18805",0.0441176470588235,10.6363122171946,11.5721480870491,8.27287522286987e-12,3.07430614649817e-09,2.32811180802803e-09,"ANTXR1/CTSK/AEBP1/SULF2/OLFML2B/COL12A1/ITGA2/FERMT1/SULF1/GREM1/SERPINB5/ADAMTS12/COL1A1/POSTN/MMP14",15
"GO:0045229","GO:0045229","external encapsulating structure organization","15/78","341/18805",0.0439882697947214,10.6051206857658,11.5519536350464,8.62599928871542e-12,3.07430614649817e-09,2.32811180802803e-09,"ANTXR1/CTSK/AEBP1/SULF2/OLFML2B/COL12A1/ITGA2/FERMT1/SULF1/GREM1/SERPINB5/ADAMTS12/COL1A1/POSTN/MMP14",15
"GO:0010810","GO:0010810","regulation of cell-substrate adhesion","11/78","224/18805",0.0491071428571429,11.8392284798535,10.532371172619,2.06991236990302e-09,6.14763973861196e-07,4.65548711967661e-07,"FN1/ITGA3/FERMT1/GREM1/CEACAM6/PLAU/COL1A1/POSTN/EDIL3/EFNA5/MMP14",11
"GO:0001704","GO:0001704","formation of primary germ layer","9/78","132/18805",0.0681818181818182,16.4379370629371,11.4870232590569,3.80605125032927e-09,9.68911904012395e-07,7.33738000439418e-07,"LAMB3/FN1/ITGA3/COL12A1/ITGB4/ITGA2/LEF1/INHBA/MMP14",9
"GO:0043588","GO:0043588","skin development","12/78","324/18805",0.037037037037037,8.9292497625831,9.2913792413593,8.77159616483167e-09,1.95387304571625e-06,1.47962977412029e-06,"ITGA3/ITGB4/ITGA2/FERMT1/CDH3/SFN/IGFBP5/ITGB6/MET/COL1A1/KRT7/INHBA",12
"GO:0007044","GO:0007044","cell-substrate junction assembly","7/78","96/18805",0.0729166666666667,17.5794604700855,10.5103950500364,1.42314883170896e-07,2.72977693287301e-05,2.06720658511619e-05,"CDH11/FN1/ITGB4/ITGA2/GREM1/EFNA5/MMP14",7
"GO:0007369","GO:0007369","gastrulation","9/78","202/18805",0.0445544554455446,10.741622239147,8.98367006331345,1.53186135402526e-07,2.72977693287301e-05,2.06720658511619e-05,"LAMB3/FN1/ITGA3/COL12A1/ITGB4/ITGA2/LEF1/INHBA/MMP14",9
"GO:0150115","GO:0150115","cell-substrate junction organization","7/78","103/18805",0.0679611650485437,16.3847398556136,10.1042262086021,2.31157362959894e-07,3.74474927995028e-05,2.83582525659889e-05,"CDH11/FN1/ITGB4/ITGA2/GREM1/EFNA5/MMP14",7
"GO:0007229","GO:0007229","integrin-mediated signaling pathway","7/78","111/18805",0.0630630630630631,15.2038577038577,9.68623497879776,3.85893892774816e-07,5.73052430770602e-05,4.33961377664311e-05,"FN1/ITGA3/ITGB4/ITGA2/FERMT1/ITGB6/CEACAM1",7
"GO:0001952","GO:0001952","regulation of cell-matrix adhesion","7/78","125/18805",0.056,13.5010256410256,9.05004073241072,8.6501334586181e-07,0.000118573367871211,8.97932882101086e-05,"FERMT1/GREM1/CEACAM6/PLAU/POSTN/EFNA5/MMP14",7
"GO:0033627","GO:0033627","cell adhesion mediated by integrin","6/78","89/18805",0.0674157303370786,16.2532411408816,9.3086979518194,1.85166504103356e-06,0.000235690507365843,0.000178483803203385,"ITGA3/ITGB4/ITGA2/FERMT1/ITGB6/PLAU",6
"GO:0035987","GO:0035987","endodermal cell differentiation","5/78","52/18805",0.0961538461538462,23.1817061143984,10.3371200360423,2.4058771509923e-06,0.000285818205537885,0.000216444526847167,"LAMB3/FN1/COL12A1/INHBA/MMP14",5
"GO:0034698","GO:0034698","response to gonadotropin","4/78","28/18805",0.142857142857143,34.4413919413919,11.4284827157844,5.19865614722934e-06,0.000560726359006544,0.000424627085029469,"EDNRA/ITGA3/EFNA5/INHBA",4
"GO:0001706","GO:0001706","endoderm formation","5/78","61/18805",0.0819672131147541,19.7614543926019,9.47193259956136,5.34924135977062e-06,0.000560726359006544,0.000424627085029469,"LAMB3/FN1/COL12A1/INHBA/MMP14",5
"GO:0043434","GO:0043434","response to peptide hormone","11/78","494/18805",0.0222672064777328,5.36839510017648,6.34991149015195,5.84596528016147e-06,0.000574820292495255,0.000435300144709621,"RAB31/EDNRA/MST1R/CTSK/IGFBP5/SLC2A1/PKM/MET/CEACAM1/COL1A1/INHBA",11
"GO:0071559","GO:0071559","response to transforming growth factor beta","9/78","315/18805",0.0285714285714286,6.88827838827839,6.80163736172134,6.12883589080239e-06,0.000574820292495255,0.000435300144709621,"CTSK/ITGA3/ACTA2/FERMT1/CDH3/ITGB6/COL1A1/MXRA5/POSTN",9
"GO:0071372","GO:0071372","cellular response to follicle-stimulating hormone stimulus","3/78","10/18805",0.3,72.3269230769231,14.560310687129,8.06724350980572e-06,0.00071879139672369,0.000544326641030049,"EDNRA/EFNA5/INHBA",3
"GO:0097205","GO:0097205","renal filtration","4/78","32/18805",0.125,30.1362179487179,10.6458328630884,9.0161407172018e-06,0.000765083940859696,0.000579383077666803,"EDNRA/SULF2/ITGA3/SULF1",4
"GO:0030199","GO:0030199","collagen fibril organization","5/78","69/18805",0.072463768115942,17.4702712746191,8.84555681196992,9.84734082720332e-06,0.000797634607003469,0.000604033059352854,"AEBP1/COL12A1/GREM1/ADAMTS12/COL1A1",5
"GO:0048333","GO:0048333","mesodermal cell differentiation","4/78","35/18805",0.114285714285714,27.5531135531136,10.1474204629483,1.30047587509676e-05,0.00100758609105323,0.000763025204519011,"ITGA3/ITGB4/ITGA2/INHBA",4
"GO:0043589","GO:0043589","skin morphogenesis","3/78","12/18805",0.25,60.2724358974359,13.2551198580398,1.4701689172204e-05,0.00109160042103615,0.000826647610472175,"ITGB4/ITGA2/COL1A1",3
"GO:0001707","GO:0001707","mesoderm formation","5/78","76/18805",0.0657894736842105,15.8611673414305,8.37800746853048,1.58259836664789e-05,0.00112807611574662,0.000854269939386357,"ITGA3/ITGB4/ITGA2/LEF1/INHBA",5
"GO:0070482","GO:0070482","response to oxygen levels","9/78","358/18805",0.0251396648044693,6.0609153416416,6.23944598461621,1.70438594389044e-05,0.0011681599046203,0.000884624607314796,"EDNRA/ITGA2/SLC2A1/EGLN3/PLAU/COL1A1/POSTN/INHBA/MMP14",9
"GO:0048332","GO:0048332","mesoderm morphogenesis","5/78","78/18805",0.0641025641025641,15.4544707429323,8.25569629163904,1.79678292926787e-05,0.00117114881790064,0.000886888052778436,"ITGA3/ITGB4/ITGA2/LEF1/INHBA",5
"GO:0098773","GO:0098773","skin epidermis development","6/78","133/18805",0.0451127819548872,10.8762290341238,7.3766617772954,1.89122604213628e-05,0.00117114881790064,0.000886888052778436,"FERMT1/CDH3/SFN/IGFBP5/MET/INHBA",6
"GO:0001503","GO:0001503","ossification","10/78","458/18805",0.0218340611353712,5.26396820064942,5.96214430212095,1.9059099730145e-05,0.00117114881790064,0.000886888052778436,"CDH11/CTSK/VCAN/IGFBP5/GREM1/LEF1/ADAMTS12/TNFAIP6/COL1A1/MMP14",10
"GO:0051216","GO:0051216","cartilage development","7/78","210/18805",0.0333333333333333,8.03632478632479,6.61752744319535,2.64564582489767e-05,0.00152606557634779,0.00115565955985461,"CTSK/SULF2/SULF1/GREM1/MBOAT2/ADAMTS12/COL1A1",7
"GO:0048041","GO:0048041","focal adhesion assembly","5/78","85/18805",0.0588235294117647,14.1817496229261,7.86082116855723,2.72937678322986e-05,0.00152606557634779,0.00115565955985461,"CDH11/ITGA2/GREM1/EFNA5/MMP14",5
"GO:0061448","GO:0061448","connective tissue development","8/78","291/18805",0.0274914089347079,6.62789673098951,6.24425746784624,2.74040956470984e-05,0.00152606557634779,0.00115565955985461,"CTSK/SULF2/ACTA2/SULF1/GREM1/MBOAT2/ADAMTS12/COL1A1",8
"GO:0035860","GO:0035860","glial cell-derived neurotrophic factor receptor signaling pathway","3/78","15/18805",0.2,48.2179487179487,11.806676749007,3.01341162437415e-05,0.00160105919222667,0.00121245075576502,"SULF2/SULF1/MMP14",3
"GO:0007492","GO:0007492","endoderm development","5/78","87/18805",0.0574712643678161,13.8557323902151,7.756486583259,3.05477062489938e-05,0.00160105919222667,0.00121245075576502,"LAMB3/FN1/COL12A1/INHBA/MMP14",5
"GO:0050673","GO:0050673","epithelial cell proliferation","10/78","488/18805",0.0204918032786885,4.94036359815048,5.6919012127929,3.2737057261869e-05,0.00166678388687573,0.00126222277923958,"SULF2/FERMT1/CDH3/SFN/SULF1/IGFBP5/MIR492/CEACAM1/SERPINB5/MMP14",10
"GO:0060348","GO:0060348","bone development","7/78","219/18805",0.0319634703196347,7.70606486359911,6.44221416106435,3.45950488183394e-05,0.00168950080280949,0.00127942585457013,"SULF2/SULF1/GREM1/ITGB6/ADAMTS12/COL1A1/MMP14",7
"GO:0016049","GO:0016049","cell growth","10/78","492/18805",0.0203252032520325,4.90019804044194,5.6575419229858,3.50794218316224e-05,0.00168950080280949,0.00127942585457013,"EDNRA/FN1/SFN/IGFBP5/GREM1/CEACAM1/POSTN/EFNA5/INHBA/MMP14",10
"GO:0008544","GO:0008544","epidermis development","9/78","395/18805",0.0227848101265823,5.49318403115872,5.82457413932627,3.6877596551257e-05,0.00168958261868278,0.0012794878121279,"LAMB3/LAMC2/FERMT1/CDH3/SFN/IGFBP5/MET/KRT7/INHBA",9
"GO:0032354","GO:0032354","response to follicle-stimulating hormone","3/78","16/18805",0.1875,45.2043269230769,11.4159289626168,3.69773973785793e-05,0.00168958261868278,0.0012794878121279,"EDNRA/EFNA5/INHBA",3
"GO:0141091","GO:0141091","transforming growth factor beta receptor superfamily signaling pathway","9/78","399/18805",0.0225563909774436,5.43811451706189,5.78287174626716,3.98818496053742e-05,0.00177673639991942,0.00134548766300236,"ITGA3/FERMT1/CDH3/SULF1/GREM1/ITGB6/LEF1/TNFAIP6/INHBA",9
"GO:0071560","GO:0071560","cellular response to transforming growth factor beta stimulus","8/78","308/18805",0.025974025974026,6.26207126207126,6.00924281113119,4.10137680793066e-05,0.00178259840773962,0.00134992684666678,"CTSK/ITGA3/ACTA2/FERMT1/CDH3/ITGB6/COL1A1/POSTN",8
"GO:0014910","GO:0014910","regulation of smooth muscle cell migration","5/78","94/18805",0.0531914893617021,12.8239225313693,7.41677869257077,4.43666360811677e-05,0.00188241298801526,0.00142551447258288,"ITGA2/IGFBP5/S100A11/PLAU/POSTN",5
"GO:0001666","GO:0001666","response to hypoxia","8/78","316/18805",0.0253164556962025,6.10353781239857,5.90468160396075,4.91485390415693e-05,0.00203680689702503,0.00154243395474398,"EDNRA/ITGA2/SLC2A1/EGLN3/PLAU/POSTN/INHBA/MMP14",8
"GO:0071371","GO:0071371","cellular response to gonadotropin stimulus","3/78","18/18805",0.166666666666667,40.1816239316239,10.7331768220838,5.35601270033848e-05,0.00216918514363708,0.0016426814071373,"EDNRA/EFNA5/INHBA",3
"GO:0072006","GO:0072006","nephron development","6/78","161/18805",0.0372670807453416,8.98471094123268,6.56660520950146,5.53973018243351e-05,0.00219373315224367,0.00166127113307129,"EDNRA/SULF2/ITGA3/ACTA2/SULF1/GREM1",6
"GO:0032868","GO:0032868","response to insulin","8/78","324/18805",0.0246913580246914,5.9528331750554,5.80365768849662,5.85886941814159e-05,0.00223789655987611,0.00169471521635133,"RAB31/MST1R/CTSK/SLC2A1/PKM/MET/CEACAM1/COL1A1",8
"GO:0014911","GO:0014911","positive regulation of smooth muscle cell migration","4/78","51/18805",0.0784313725490196,18.9089994972348,8.26509355493424,5.90242078081802e-05,0.00223789655987611,0.00169471521635133,"ITGA2/IGFBP5/S100A11/POSTN",4
"GO:0014909","GO:0014909","smooth muscle cell migration","5/78","101/18805",0.0495049504950495,11.9351358212744,7.11141361648582,6.25923810362437e-05,0.00230659852761827,0.00174674187040382,"ITGA2/IGFBP5/S100A11/PLAU/POSTN",5
"GO:0044344","GO:0044344","cellular response to fibroblast growth factor stimulus","6/78","165/18805",0.0363636363636364,8.76689976689977,6.46703238850701,6.34968291855694e-05,0.00230659852761827,0.00174674187040382,"MST1R/SULF2/SULF1/MET/COL1A1/POSTN",6
"GO:0036293","GO:0036293","response to decreased oxygen levels","8/78","330/18805",0.0242424242424242,5.84459984459984,5.73008381704738,6.66214956943207e-05,0.00230659852761827,0.00174674187040382,"EDNRA/ITGA2/SLC2A1/EGLN3/PLAU/POSTN/INHBA/MMP14",8
"GO:0001667","GO:0001667","ameboidal-type cell migration","7/78","243/18805",0.0288065843621399,6.94497203756463,6.01975597171612,6.68212098494543e-05,0.00230659852761827,0.00174674187040382,"EDNRA/FN1/ITGA3/ACTA2/ITGB4/ITGA2/FERMT1",7
"GO:0007178","GO:0007178","cell surface receptor protein serine/threonine kinase signaling pathway","9/78","427/18805",0.0210772833723653,5.08151684381193,5.50585442421413,6.7308150076403e-05,0.00230659852761827,0.00174674187040382,"ITGA3/FERMT1/CDH3/SULF1/GREM1/ITGB6/LEF1/TNFAIP6/INHBA",9
"GO:0071774","GO:0071774","response to fibroblast growth factor","6/78","173/18805",0.0346820809248555,8.36149399733215,6.2776571520424,8.25308743105743e-05,0.00277490600040459,0.00210138194371711,"MST1R/SULF2/SULF1/MET/COL1A1/POSTN",6
"GO:0006939","GO:0006939","smooth muscle contraction","5/78","110/18805",0.0454545454545455,10.9586247086247,6.76038285175484,9.39499197581865e-05,0.00310034735202016,0.00234783230272895,"EDNRA/SULF2/ACTA2/ITGA2/SULF1",5
"GO:0030111","GO:0030111","regulation of Wnt signaling pathway","8/78","350/18805",0.0228571428571429,5.51062271062271,5.49733011278662,0.000100316656725673,0.00319875333110903,0.00242235322256588,"SULF2/ITGA3/FERMT1/CDH3/SULF1/GREM1/LEF1/COL1A1",8
"GO:0048732","GO:0048732","gland development","9/78","451/18805",0.0199556541019956,4.81110353061573,5.28703239422248,0.000102126969724042,0.00319875333110903,0.00242235322256588,"EDNRA/SULF2/ITGA2/SULF1/IGFBP5/MET/CEACAM1/SERPINB5/LEF1",9
"GO:0032963","GO:0032963","collagen metabolic process","5/78","112/18805",0.0446428571428571,10.762934981685,6.68787616180014,0.000102317025742545,0.00319875333110903,0.00242235322256588,"CTSK/ITGA2/COL1A1/INHBA/MMP14",5
"GO:0014812","GO:0014812","muscle cell migration","5/78","115/18805",0.0434782608695652,10.4821627647715,6.58248673690704,0.000115927613890257,0.00356177599917997,0.00269726317617622,"ITGA2/IGFBP5/S100A11/PLAU/POSTN",5
"GO:0002062","GO:0002062","chondrocyte differentiation","5/78","116/18805",0.0431034482758621,10.3917992926614,6.5482173001072,0.000120759784630869,0.00364735485105437,0.00276207036390319,"SULF2/SULF1/GREM1/MBOAT2/ADAMTS12",5
"GO:0038065","GO:0038065","collagen-activated signaling pathway","4/78","62/18805",0.0645161290322581,15.5541770057899,7.40802197504634,0.000127286444772814,0.00374584577525442,0.00283665561100843,"MST1R/ITGA2/MET/COL1A1",4
"GO:0071772","GO:0071772","response to BMP","6/78","188/18805",0.0319148936170213,7.6943535188216,5.95348187369237,0.000130326845154756,0.00374584577525442,0.00283665561100843,"ITGA3/SULF1/GREM1/LEF1/ADAMTS12/TNFAIP6",6
"GO:0071773","GO:0071773","cellular response to BMP stimulus","6/78","188/18805",0.0319148936170213,7.6943535188216,5.95348187369237,0.000130326845154756,0.00374584577525442,0.00283665561100843,"ITGA3/SULF1/GREM1/LEF1/ADAMTS12/TNFAIP6",6
"GO:0061138","GO:0061138","morphogenesis of a branching epithelium","6/78","191/18805",0.031413612565445,7.57349979863069,5.89293702686798,0.0001420951521298,0.00401926287452864,0.00304370902306439,"EDNRA/SULF1/GREM1/MET/LEF1/MMP14",6
"GO:0048771","GO:0048771","tissue remodeling","6/78","192/18805",0.03125,7.53405448717949,5.8730472486424,0.000146199781147872,0.00407075015633607,0.00308269933275612,"EDNRA/CTSK/IGFBP5/GREM1/CEACAM1/MMP14",6
"GO:0016055","GO:0016055","Wnt signaling pathway","9/78","477/18805",0.0188679245283019,4.54886308659894,5.06674693661703,0.000155811942196529,0.00427164432298792,0.00323483254892227,"EDNRA/SULF2/ITGA3/FERMT1/CDH3/SULF1/GREM1/LEF1/COL1A1",9
"GO:0010812","GO:0010812","negative regulation of cell-substrate adhesion","4/78","66/18805",0.0606060606060606,14.6114996114996,7.14896308697819,0.000162400067879888,0.00438480183275697,0.00332052451390775,"COL1A1/POSTN/EFNA5/MMP14",4
"GO:0010811","GO:0010811","positive regulation of cell-substrate adhesion","5/78","126/18805",0.0396825396825397,9.56705331705332,6.22699115170859,0.00017804958551876,0.00473558748349897,0.00358616761406207,"FN1/ITGA3/FERMT1/CEACAM6/EDIL3",5
"GO:0022612","GO:0022612","gland morphogenesis","5/78","127/18805",0.0393700787401575,9.49172218857258,6.19684694695552,0.000184750727554514,0.00484155583091387,0.00366641536725831,"SULF2/SULF1/IGFBP5/CEACAM1/SERPINB5",5
"GO:0090287","GO:0090287","regulation of cellular response to growth factor stimulus","8/78","384/18805",0.0208333333333333,5.02270299145299,5.14002577408884,0.000189506800670162,0.00489421911295984,0.00370629623888861,"SULF2/ITGA3/FERMT1/CDH3/SULF1/GREM1/ADAMTS12/TNFAIP6",8
"GO:0001763","GO:0001763","morphogenesis of a branching structure","6/78","208/18805",0.0288461538461538,6.95451183431953,5.57307261831764,0.000225658419725065,0.00574417060727374,0.00434994785192565,"EDNRA/SULF1/GREM1/MET/LEF1/MMP14",6
"GO:0003094","GO:0003094","glomerular filtration","3/78","29/18805",0.103448275862069,24.9403183023873,8.32656158159519,0.00023208770130399,0.00574417060727374,0.00434994785192565,"EDNRA/SULF2/SULF1",3
"GO:0060384","GO:0060384","innervation","3/78","29/18805",0.103448275862069,24.9403183023873,8.32656158159519,0.00023208770130399,0.00574417060727374,0.00434994785192565,"EDNRA/SULF2/SULF1",3
"GO:0032835","GO:0032835","glomerulus development","4/78","73/18805",0.0547945205479452,13.210396909027,6.74586202409463,0.000239932687603135,0.00577783850417278,0.0043754438905721,"EDNRA/SULF2/ACTA2/SULF1",4
"GO:0061035","GO:0061035","regulation of cartilage development","4/78","73/18805",0.0547945205479452,13.210396909027,6.74586202409463,0.000239932687603135,0.00577783850417278,0.0043754438905721,"CTSK/GREM1/MBOAT2/ADAMTS12",4
"GO:0048706","GO:0048706","embryonic skeletal system development","5/78","135/18805",0.037037037037037,8.9292497625831,5.9671250674017,0.000245540889722162,0.00583405153979856,0.00441801292103595,"EDNRA/SULF2/SULF1/COL1A1/MMP14",5
"GO:0007498","GO:0007498","mesoderm development","5/78","140/18805",0.0357142857142857,8.61034798534798,5.83301178034847,0.000290590057291711,0.00672508418303673,0.00509277448322588,"ITGA3/ITGB4/ITGA2/LEF1/INHBA",5
"GO:0090288","GO:0090288","negative regulation of cellular response to growth factor stimulus","5/78","140/18805",0.0357142857142857,8.61034798534798,5.83301178034847,0.000290590057291711,0.00672508418303673,0.00509277448322588,"SULF2/SULF1/GREM1/ADAMTS12/TNFAIP6",5
"GO:0001558","GO:0001558","regulation of cell growth","8/78","410/18805",0.0195121951219512,4.70419011882427,4.89410878523103,0.000295010128016194,0.00673984677083151,0.00510395390171067,"FN1/SFN/IGFBP5/GREM1/CEACAM1/EFNA5/INHBA/MMP14",8
"GO:0061037","GO:0061037","negative regulation of cartilage development","3/78","32/18805",0.09375,22.6021634615385,7.89302929080998,0.000312232742779067,0.00704302212192781,0.00533354265480032,"CTSK/GREM1/ADAMTS12",3
"GO:0014850","GO:0014850","response to muscle activity","3/78","33/18805",0.0909090909090909,21.9172494172494,7.76148083586799,0.000342433264940429,0.00762770097654807,0.00577630849544251,"FN1/ITGA2/POSTN",3
"GO:0030177","GO:0030177","positive regulation of Wnt signaling pathway","5/78","152/18805",0.0328947368421053,7.93058367071525,5.53675845098725,0.000424222640282541,0.00932933543366425,0.00706492292867716,"SULF2/CDH3/SULF1/LEF1/COL1A1",5
"GO:0090092","GO:0090092","regulation of transmembrane receptor protein serine/threonine kinase signaling pathway","7/78","329/18805",0.0212765957446809,5.12956901254774,4.8768232735403,0.000429296018833035,0.00932933543366425,0.00706492292867716,"ITGA3/FERMT1/CDH3/SULF1/GREM1/TNFAIP6/INHBA",7
"GO:0071604","GO:0071604","transforming growth factor beta production","3/78","36/18805",0.0833333333333333,20.090811965812,7.39934710554676,0.000444135533662216,0.00953553639742252,0.00722107487831276,"FN1/FERMT1/ITGB6",3
"GO:0060070","GO:0060070","canonical Wnt signaling pathway","7/78","333/18805",0.021021021021021,5.06795256795257,4.83369623639856,0.000461428915954202,0.00978888485988557,0.00741293070492841,"EDNRA/SULF2/FERMT1/CDH3/GREM1/LEF1/COL1A1",7
"GO:0048754","GO:0048754","branching morphogenesis of an epithelial tube","5/78","159/18805",0.0314465408805031,7.58143847766489,5.37854573035312,0.000521038742051387,0.0109234239804185,0.00827209495120593,"EDNRA/GREM1/MET/LEF1/MMP14",5
"GO:0001942","GO:0001942","hair follicle development","4/78","97/18805",0.0412371134020619,9.94184509648427,5.69819944381304,0.000708507324116504,0.0146809308322745,0.0111175812670423,"FERMT1/CDH3/IGFBP5/INHBA",4
"GO:0001649","GO:0001649","osteoblast differentiation","6/78","262/18805",0.0229007633587786,5.52113916617733,4.75605468209454,0.000767061104001318,0.0157115274405787,0.0118980318854167,"VCAN/IGFBP5/GREM1/LEF1/TNFAIP6/COL1A1",6
"GO:0022404","GO:0022404","molting cycle process","4/78","100/18805",0.04,9.64358974358974,5.59311316660919,0.000794346273834129,0.0159047759547463,0.0120443751987623,"FERMT1/CDH3/IGFBP5/INHBA",4
"GO:0022405","GO:0022405","hair cycle process","4/78","100/18805",0.04,9.64358974358974,5.59311316660919,0.000794346273834129,0.0159047759547463,0.0120443751987623,"FERMT1/CDH3/IGFBP5/INHBA",4
"GO:0034446","GO:0034446","substrate adhesion-dependent cell spreading","4/78","101/18805",0.0396039603960396,9.54810865701955,5.55906550154257,0.000824521692093835,0.0161540203007998,0.0122331230584354,"ANTXR1/FN1/POSTN/EFNA5",4
"GO:0030509","GO:0030509","BMP signaling pathway","5/78","176/18805",0.0284090909090909,6.84914044289044,5.03143572615962,0.000824924717942077,0.0161540203007998,0.0122331230584354,"ITGA3/SULF1/GREM1/LEF1/TNFAIP6",5
"GO:0071375","GO:0071375","cellular response to peptide hormone stimulus","7/78","369/18805",0.018970189701897,4.57351817107915,4.47418714322046,0.000845972452228845,0.0163861185855631,0.0124088865418464,"RAB31/EDNRA/MST1R/PKM/MET/CEACAM1/INHBA",7
"GO:0048009","GO:0048009","insulin-like growth factor receptor signaling pathway","4/78","102/18805",0.0392156862745098,9.4544997486174,5.5254885318546,0.000855497807788837,0.0163924418653732,0.0124136750377509,"MST1R/CDH3/IGFBP5/MET",4
"GO:0032836","GO:0032836","glomerular basement membrane development","2/78","11/18805",0.181818181818182,43.8344988344988,9.17104318935192,0.000911781043912506,0.0171030928447588,0.0129518371002308,"SULF2/SULF1",2
"GO:0060346","GO:0060346","bone trabecula formation","2/78","11/18805",0.181818181818182,43.8344988344988,9.17104318935192,0.000911781043912506,0.0171030928447588,0.0129518371002308,"GREM1/COL1A1",2
"GO:0090130","GO:0090130","tissue migration","4/78","106/18805",0.0377358490566038,9.09772617319787,5.39566709012639,0.000987643302360281,0.0183331288000627,0.0138833192283539,"ITGA3/ACTA2/ITGA2/FERMT1",4
"GO:0045785","GO:0045785","positive regulation of cell adhesion","8/78","499/18805",0.0160320641282565,3.86516622989569,4.18640928441415,0.00107055735834869,0.0194451290228153,0.0147254152089605,"FN1/ITGA3/ITGA2/FERMT1/SFN/CEACAM6/LEF1/EDIL3",8
"GO:0098742","GO:0098742","cell-cell adhesion via plasma-membrane adhesion molecules","6/78","280/18805",0.0214285714285714,5.16620879120879,4.53293253845685,0.00108165503127163,0.0194451290228153,0.0147254152089605,"CDH11/ITGA3/CDH3/CEACAM6/CEACAM1/EFNA5",6
"GO:0014831","GO:0014831","gastro-intestinal system smooth muscle contraction","2/78","12/18805",0.166666666666667,40.1816239316239,8.76220309799657,0.00109119691486057,0.0194451290228153,0.0147254152089605,"SULF2/SULF1",2
"GO:1901862","GO:1901862","negative regulation of muscle tissue development","2/78","12/18805",0.166666666666667,40.1816239316239,8.76220309799657,0.00109119691486057,0.0194451290228153,0.0147254152089605,"IGFBP5/LEF1",2
"GO:0006029","GO:0006029","proteoglycan metabolic process","4/78","110/18805",0.0363636363636364,8.76689976689977,5.27253687449169,0.00113353654062438,0.0199996249048776,0.0151453240758775,"EDNRA/SULF2/SULF1/ADAMTS12",4
"GO:0007565","GO:0007565","female pregnancy","5/78","190/18805",0.0263157894736842,6.3444669365722,4.77846041034962,0.00116132078541423,0.0202321772910174,0.0153214314413635,"ITGA3/ITGB4/ITGA2/IGFBP5/SLC2A1",5
"GO:0035850","GO:0035850","epithelial cell differentiation involved in kidney development","3/78","50/18805",0.06,14.4653846153846,6.15295229704295,0.00116942438887475,0.0202321772910174,0.0153214314413635,"EDNRA/ACTA2/GREM1",3
"GO:0043473","GO:0043473","pigmentation","4/78","113/18805",0.0353982300884956,8.53415021556614,5.18422602400229,0.00125242920365894,0.0214195032758173,0.0162205701456659,"EDNRA/CDH3/AP1S3/MLPH",4
"GO:0043568","GO:0043568","positive regulation of insulin-like growth factor receptor signaling pathway","2/78","13/18805",0.153846153846154,37.0907297830375,8.40077117973232,0.00128613179041103,0.0214195032758173,0.0162205701456659,"CDH3/IGFBP5",2
"GO:0060100","GO:0060100","positive regulation of phagocytosis, engulfment","2/78","13/18805",0.153846153846154,37.0907297830375,8.40077117973232,0.00128613179041103,0.0214195032758173,0.0162205701456659,"RAB31/ITGA2",2
"GO:1905155","GO:1905155","positive regulation of membrane invagination","2/78","13/18805",0.153846153846154,37.0907297830375,8.40077117973232,0.00128613179041103,0.0214195032758173,0.0162205701456659,"RAB31/ITGA2",2
"GO:0002040","GO:0002040","sprouting angiogenesis","5/78","197/18805",0.0253807106598985,6.1190290251204,4.66132274194249,0.00136329269363176,0.0218459086768614,0.0165434786010611,"SRPX2/GREM1/PKM/CEACAM1/LEF1",5
"GO:0043542","GO:0043542","endothelial cell migration","6/78","293/18805",0.0204778156996587,4.93699133630874,4.38338801466143,0.00136453604515802,0.0218459086768614,0.0165434786010611,"SRPX2/GREM1/S100P/MIR492/MET/CEACAM1",6
"GO:0014075","GO:0014075","response to amine","3/78","53/18805",0.0566037735849057,13.6465892597968,5.95012197418998,0.00138529050532286,0.0218459086768614,0.0165434786010611,"EDNRA/ITGA2/NQO1",3
"GO:0032330","GO:0032330","regulation of chondrocyte differentiation","3/78","53/18805",0.0566037735849057,13.6465892597968,5.95012197418998,0.00138529050532286,0.0218459086768614,0.0165434786010611,"GREM1/MBOAT2/ADAMTS12",3
"GO:0032964","GO:0032964","collagen biosynthetic process","3/78","53/18805",0.0566037735849057,13.6465892597968,5.95012197418998,0.00138529050532286,0.0218459086768614,0.0165434786010611,"ITGA2/COL1A1/INHBA",3
"GO:0060324","GO:0060324","face development","3/78","53/18805",0.0566037735849057,13.6465892597968,5.95012197418998,0.00138529050532286,0.0218459086768614,0.0165434786010611,"EDNRA/LEF1/COL1A1",3
"GO:0061430","GO:0061430","bone trabecula morphogenesis","2/78","14/18805",0.142857142857143,34.4413919413919,8.07814668327306,0.00149645717133745,0.0231885798202029,0.0175602571501566,"GREM1/COL1A1",2
"GO:1900025","GO:1900025","negative regulation of substrate adhesion-dependent cell spreading","2/78","14/18805",0.142857142857143,34.4413919413919,8.07814668327306,0.00149645717133745,0.0231885798202029,0.0175602571501566,"POSTN/EFNA5",2
"GO:0050678","GO:0050678","regulation of epithelial cell proliferation","7/78","410/18805",0.0170731707317073,4.11616635397123,4.1171907056576,0.00155425451559321,0.023810711070376,0.0180313849561238,"SULF2/CDH3/SFN/SULF1/MIR492/CEACAM1/SERPINB5",7
"GO:0032355","GO:0032355","response to estradiol","4/78","120/18805",0.0333333333333333,8.03632478632479,4.99031852517447,0.00156332951472166,0.023810711070376,0.0180313849561238,"ITGA2/COL1A1/POSTN/NQO1",4
"GO:0042303","GO:0042303","molting cycle","4/78","121/18805",0.0330578512396694,7.96990887899979,4.96390171156065,0.00161174139256776,0.0241354887525693,0.0182773327312859,"FERMT1/CDH3/IGFBP5/INHBA",4
"GO:0042633","GO:0042633","hair cycle","4/78","121/18805",0.0330578512396694,7.96990887899979,4.96390171156065,0.00161174139256776,0.0241354887525693,0.0182773327312859,"FERMT1/CDH3/IGFBP5/INHBA",4
"GO:0002762","GO:0002762","negative regulation of myeloid leukocyte differentiation","3/78","57/18805",0.0526315789473684,12.6889338731444,5.70391670078084,0.00170984048009912,0.0249486567852141,0.0188931289495212,"CEACAM1/TNFAIP6/INHBA",3
"GO:0048820","GO:0048820","hair follicle maturation","2/78","15/18805",0.133333333333333,32.1452991452991,7.78776904215431,0.00172204533365956,0.0249486567852141,0.0188931289495212,"FERMT1/CDH3",2
"GO:0060099","GO:0060099","regulation of phagocytosis, engulfment","2/78","15/18805",0.133333333333333,32.1452991452991,7.78776904215431,0.00172204533365956,0.0249486567852141,0.0188931289495212,"RAB31/ITGA2",2
"GO:1905153","GO:1905153","regulation of membrane invagination","2/78","15/18805",0.133333333333333,32.1452991452991,7.78776904215431,0.00172204533365956,0.0249486567852141,0.0188931289495212,"RAB31/ITGA2",2
"GO:0030510","GO:0030510","regulation of BMP signaling pathway","4/78","124/18805",0.032258064516129,7.77708850289496,4.88643647172779,0.00176322841843513,0.0253392987229952,0.0191889544349223,"ITGA3/SULF1/GREM1/TNFAIP6",4
"GO:0038063","GO:0038063","collagen-activated tyrosine kinase receptor signaling pathway","3/78","58/18805",0.0517241379310345,12.4701591511936,5.64619493804137,0.00179775737874592,0.0256288291914018,0.0194082101857033,"MST1R/MET/COL1A1",3
"GO:0044703","GO:0044703","multi-organism reproductive process","5/78","211/18805",0.023696682464455,5.71302709928302,4.44317141708527,0.00184359517715966,0.0260737032198295,0.0197451045707492,"ITGA3/ITGB4/ITGA2/IGFBP5/SLC2A1",5
"GO:0061005","GO:0061005","cell differentiation involved in kidney development","3/78","59/18805",0.0508474576271186,12.2588005215124,5.58987557964489,0.0018884498811929,0.0264977770731161,0.0200662473907111,"EDNRA/ACTA2/GREM1",3
"GO:0001541","GO:0001541","ovarian follicle development","3/78","60/18805",0.05,12.0544871794872,5.53490053157125,0.00198194899780263,0.0271679470314175,0.0205737539690928,"TNFAIP6/INHBA/MMP14",3
"GO:0043616","GO:0043616","keratinocyte proliferation","3/78","60/18805",0.05,12.0544871794872,5.53490053157125,0.00198194899780263,0.0271679470314175,0.0205737539690928,"FERMT1/CDH3/SFN",3
"GO:0048012","GO:0048012","hepatocyte growth factor receptor signaling pathway","3/78","60/18805",0.05,12.0544871794872,5.53490053157125,0.00198194899780263,0.0271679470314175,0.0205737539690928,"MST1R/MET/ADAMTS12",3
"GO:0002761","GO:0002761","regulation of myeloid leukocyte differentiation","4/78","130/18805",0.0307692307692308,7.4181459566075,4.73902803110764,0.00209536993134356,0.0285034291423987,0.0215850884048409,"CEACAM1/LEF1/TNFAIP6/INHBA",4
"GO:0044706","GO:0044706","multi-multicellular organism process","5/78","219/18805",0.0228310502283105,5.50433204542794,4.32710871120594,0.00216824141295745,0.0292712590749256,0.0221665509681934,"ITGA3/ITGB4/ITGA2/IGFBP5/SLC2A1",5
"GO:0003014","GO:0003014","renal system process","4/78","132/18805",0.0303030303030303,7.30574980574981,4.69196722263751,0.00221506167367087,0.0292842390495867,0.0221763804486799,"EDNRA/SULF2/ITGA3/SULF1",4
"GO:0030852","GO:0030852","regulation of granulocyte differentiation","2/78","17/18805",0.117647058823529,28.3634992458522,7.28440588390885,0.00221850295830202,0.0292842390495867,0.0221763804486799,"CEACAM1/LEF1",2
"GO:2000345","GO:2000345","regulation of hepatocyte proliferation","2/78","17/18805",0.117647058823529,28.3634992458522,7.28440588390885,0.00221850295830202,0.0292842390495867,0.0221763804486799,"SULF2/CEACAM1",2
"GO:0033059","GO:0033059","cellular pigmentation","3/78","63/18805",0.0476190476190476,11.480463980464,5.37750886529251,0.00227958846551692,0.0294364249677619,0.0222916278626445,"CDH3/AP1S3/MLPH",3
"GO:0051893","GO:0051893","regulation of focal adhesion assembly","3/78","63/18805",0.0476190476190476,11.480463980464,5.37750886529251,0.00227958846551692,0.0294364249677619,0.0222916278626445,"GREM1/EFNA5/MMP14",3
"GO:0090109","GO:0090109","regulation of cell-substrate junction assembly","3/78","63/18805",0.0476190476190476,11.480463980464,5.37750886529251,0.00227958846551692,0.0294364249677619,0.0222916278626445,"GREM1/EFNA5/MMP14",3
"GO:0001822","GO:0001822","kidney development","6/78","325/18805",0.0184615384615385,4.4508875739645,4.05004478011143,0.00230158410523164,0.0295066393922502,0.0223447998705563,"EDNRA/SULF2/ITGA3/ACTA2/SULF1/GREM1",6
"GO:0009612","GO:0009612","response to mechanical stimulus","5/78","223/18805",0.0224215246636771,5.40559963205703,4.27119646306844,0.00234536160156557,0.0298531026713561,0.0226071697233614,"ITGA2/SLC2A1/COL1A1/POSTN/MMP14",5
"GO:0008543","GO:0008543","fibroblast growth factor receptor signaling pathway","4/78","135/18805",0.0296296296296296,7.14339981006648,4.6231908570599,0.00240332827601693,0.0303739786373203,0.0230016188865524,"MST1R/SULF2/SULF1/MET",4
"GO:0042476","GO:0042476","odontogenesis","4/78","136/18805",0.0294117647058824,7.09087481146305,4.60073180273898,0.0024684566041329,0.0308028700511526,0.0233264099507222,"ITGB6/LEF1/COL1A1/INHBA",4
"GO:0060541","GO:0060541","respiratory system development","5/78","226/18805",0.0221238938053097,5.33384388472884,4.23013894389686,0.00248495801004662,0.0308028700511526,0.0233264099507222,"ITGA3/IGFBP5/ITGB6/LEF1/MMP14",5
"GO:0032328","GO:0032328","alanine transport","2/78","18/18805",0.111111111111111,26.7877492877493,7.06413989966309,0.00248912081221435,0.0308028700511526,0.0233264099507222,"SLC6A6/SLC6A14",2
"GO:0051965","GO:0051965","positive regulation of synapse assembly","3/78","66/18805",0.0454545454545455,10.9586247086247,5.23041857775018,0.00260355507383471,0.0317776379559825,0.0240645825858406,"THBS2/SRPX2/EFNA5",3
"GO:1905330","GO:1905330","regulation of morphogenesis of an epithelium","3/78","66/18805",0.0454545454545455,10.9586247086247,5.23041857775018,0.00260355507383471,0.0317776379559825,0.0240645825858406,"SULF1/GREM1/ADAMTS12",3
"GO:0072001","GO:0072001","renal system development","6/78","336/18805",0.0178571428571429,4.30517399267399,3.9453050845141,0.00271568269847105,0.0329207249569756,0.0249302199745069,"EDNRA/SULF2/ITGA3/ACTA2/SULF1/GREM1",6
"GO:0060562","GO:0060562","epithelial tube morphogenesis","6/78","337/18805",0.0178041543026706,4.29239899566309,3.93600639513353,0.0027559284711059,0.0331828684831805,0.0251287361305673,"EDNRA/GREM1/MET/LEF1/ADAMTS12/MMP14",6
"GO:0045668","GO:0045668","negative regulation of osteoblast differentiation","3/78","68/18805",0.0441176470588235,10.6363122171946,5.13752097568957,0.00283453397715783,0.0336742636486351,0.0255008600611673,"IGFBP5/GREM1/TNFAIP6",3
"GO:0150116","GO:0150116","regulation of cell-substrate junction organization","3/78","68/18805",0.0441176470588235,10.6363122171946,5.13752097568957,0.00283453397715783,0.0336742636486351,0.0255008600611673,"GREM1/EFNA5/MMP14",3
"GO:0060485","GO:0060485","mesenchyme development","6/78","342/18805",0.0175438596491228,4.22964462438147,3.89004811185589,0.00296392246225432,0.0349782107797165,0.026488313674521,"EDNRA/FN1/ACTA2/GREM1/LEF1/COL1A1",6
"GO:0051797","GO:0051797","regulation of hair follicle development","2/78","20/18805",0.1,24.1089743589744,6.67311157254221,0.0030745112809076,0.0360445993590614,0.0272958688512711,"FERMT1/CDH3",2
"GO:0006935","GO:0006935","chemotaxis","7/78","466/18805",0.0150214592274678,3.621519753494,3.69825271692147,0.00318745013876676,0.0368879722397431,0.0279345386091031,"ITGA2/GREM1/MET/LEF1/PLAU/TNFAIP6/EFNA5",7
"GO:0001889","GO:0001889","liver development","4/78","146/18805",0.0273972602739726,6.60519845451352,4.3879488510026,0.00318784945281731,0.0368879722397431,0.0279345386091031,"SULF2/ITGA2/MET/CEACAM1",4
"GO:0042330","GO:0042330","taxis","7/78","468/18805",0.014957264957265,3.60604317335087,3.684501245232,0.00326356796564599,0.0373173838402017,0.0282597236004126,"ITGA2/GREM1/MET/LEF1/PLAU/TNFAIP6/EFNA5",7
"GO:0003158","GO:0003158","endothelium development","4/78","147/18805",0.0272108843537415,6.5602651316937,4.36777181030507,0.00326684168298062,0.0373173838402017,0.0282597236004126,"EDNRA/MET/CEACAM1/ADAMTS12",4
"GO:0032402","GO:0032402","melanosome transport","2/78","21/18805",0.0952380952380952,22.960927960928,6.49837264797443,0.00338903682941451,0.0384666473249469,0.0291300383192049,"CDH3/MLPH",2
"GO:0061008","GO:0061008","hepaticobiliary system development","4/78","149/18805",0.0268456375838926,6.47220788160385,4.32797528739752,0.0034288144394268,0.0386718185510035,0.0292854104686552,"SULF2/ITGA2/MET/CEACAM1",4
"GO:0009743","GO:0009743","response to carbohydrate","5/78","245/18805",0.0204081632653061,4.92019884877028,3.98602915008788,0.0035133564098277,0.0393761076875029,0.0298187548321689,"ITGA2/COL6A3/COL1A1/NQO1/EFNA5",5
"GO:0071260","GO:0071260","cellular response to mechanical stimulus","3/78","74/18805",0.0405405405405405,9.77390852390852,4.88052787375491,0.0036018026677562,0.0401150772121347,0.0303783619741017,"ITGA2/SLC2A1/COL1A1",3
"GO:0032401","GO:0032401","establishment of melanosome localization","2/78","22/18805",0.0909090909090909,21.9172494172494,6.33536664098798,0.00371795245758426,0.0408961747181866,0.0309698718109252,"CDH3/MLPH",2
"GO:0051904","GO:0051904","pigment granule transport","2/78","22/18805",0.0909090909090909,21.9172494172494,6.33536664098798,0.00371795245758426,0.0408961747181866,0.0309698718109252,"CDH3/MLPH",2
"GO:0071496","GO:0071496","cellular response to external stimulus","3/78","75/18805",0.04,9.64358974358974,4.84054437557438,0.00374078365828531,0.0408961747181866,0.0309698718109252,"ITGA2/SLC2A1/COL1A1",3
"GO:0002573","GO:0002573","myeloid leukocyte differentiation","5/78","250/18805",0.02,4.82179487179487,3.92595408122483,0.00382833952430901,0.0415981770263332,0.0315014844041344,"ITGB6/CEACAM1/LEF1/TNFAIP6/INHBA",5
"GO:0045765","GO:0045765","regulation of angiogenesis","6/78","363/18805",0.0165289256198347,3.98495443949989,3.706169927091,0.00396836446826129,0.0428583362572219,0.0324557782986346,"THBS2/SULF1/GREM1/PKM/MIR492/CEACAM1",6
"GO:0002689","GO:0002689","negative regulation of leukocyte chemotaxis","2/78","23/18805",0.0869565217391304,20.9643255295429,6.18281084355798,0.00406113649795453,0.0433350014332633,0.0328167474968655,"GREM1/TNFAIP6",2
"GO:0051905","GO:0051905","establishment of pigment granule localization","2/78","23/18805",0.0869565217391304,20.9643255295429,6.18281084355798,0.00406113649795453,0.0433350014332633,0.0328167474968655,"CDH3/MLPH",2
"GO:0007173","GO:0007173","epidermal growth factor receptor signaling pathway","4/78","158/18805",0.0253164556962025,6.10353781239857,4.15751392265152,0.00422560397519834,0.0448215850226395,0.0339425081215806,"MST1R/MET/CEACAM1/GPRC5A",4
"GO:0031669","GO:0031669","cellular response to nutrient levels","5/78","258/18805",0.0193798449612403,4.67228185251441,3.83307521066629,0.0043737566895868,0.0452512069863883,0.0342678524168881,"CTSK/SLC2A1/COL1A1/POSTN/INHBA",5
"GO:0032400","GO:0032400","melanosome localization","2/78","24/18805",0.0833333333333333,20.090811965812,6.03961120215748,0.00441846802223994,0.0452512069863883,0.0342678524168881,"CDH3/MLPH",2
"GO:0035024","GO:0035024","negative regulation of Rho protein signal transduction","2/78","24/18805",0.0833333333333333,20.090811965812,6.03961120215748,0.00441846802223994,0.0452512069863883,0.0342678524168881,"ITGA3/MET",2
"GO:0072574","GO:0072574","hepatocyte proliferation","2/78","24/18805",0.0833333333333333,20.090811965812,6.03961120215748,0.00441846802223994,0.0452512069863883,0.0342678524168881,"SULF2/CEACAM1",2
"GO:0072575","GO:0072575","epithelial cell proliferation involved in liver morphogenesis","2/78","24/18805",0.0833333333333333,20.090811965812,6.03961120215748,0.00441846802223994,0.0452512069863883,0.0342678524168881,"SULF2/CEACAM1",2
"GO:0141156","GO:0141156","cAMP/PKA signal transduction","2/78","24/18805",0.0833333333333333,20.090811965812,6.03961120215748,0.00441846802223994,0.0452512069863883,0.0342678524168881,"EDNRA/SFN",2
"GO:1901342","GO:1901342","regulation of vasculature development","6/78","372/18805",0.0161290322580645,3.88854425144748,3.63153973919108,0.00446857019488094,0.0454073688037146,0.0343861107013776,"THBS2/SULF1/GREM1/PKM/MIR492/CEACAM1",6
"GO:0010469","GO:0010469","regulation of signaling receptor activity","3/78","80/18805",0.0375,9.04086538461539,4.65130897033136,0.00448467840036687,0.0454073688037146,0.0343861107013776,"GREM1/PLAU/GPRC5A",3
"GO:0032869","GO:0032869","cellular response to insulin stimulus","5/78","260/18805",0.0192307692307692,4.63634122287969,3.81044942565316,0.00451835081962321,0.0454898370653591,0.0344485623000711,"RAB31/MST1R/PKM/MET/CEACAM1",5
"GO:0032331","GO:0032331","negative regulation of chondrocyte differentiation","2/78","25/18805",0.08,19.2871794871795,5.90482804771993,0.00478982683742134,0.0471573006866565,0.0357112998288698,"GREM1/ADAMTS12",2
"GO:0040037","GO:0040037","negative regulation of fibroblast growth factor receptor signaling pathway","2/78","25/18805",0.08,19.2871794871795,5.90482804771993,0.00478982683742134,0.0471573006866565,0.0357112998288698,"SULF2/SULF1",2
"GO:0043567","GO:0043567","regulation of insulin-like growth factor receptor signaling pathway","2/78","25/18805",0.08,19.2871794871795,5.90482804771993,0.00478982683742134,0.0471573006866565,0.0357112998288698,"CDH3/IGFBP5",2
"GO:0051875","GO:0051875","pigment granule localization","2/78","25/18805",0.08,19.2871794871795,5.90482804771993,0.00478982683742134,0.0471573006866565,0.0357112998288698,"CDH3/MLPH",2
"GO:0014823","GO:0014823","response to activity","3/78","83/18805",0.036144578313253,8.71408711770158,4.54554312365925,0.00497099104954798,0.0484060439906803,0.0366569486656342,"FN1/ITGA2/POSTN",3
"GO:0031424","GO:0031424","keratinization","3/78","83/18805",0.036144578313253,8.71408711770158,4.54554312365925,0.00497099104954798,0.0484060439906803,0.0366569486656342,"CDH3/SFN/KRT7",3
"GO:0030307","GO:0030307","positive regulation of cell growth","4/78","166/18805",0.0240963855421687,5.80939141180105,4.01671650408848,0.00503163419219388,0.0485369293929704,0.0367560656162727,"FN1/SFN/EFNA5/MMP14",4
"GO:0014829","GO:0014829","vascular associated smooth muscle contraction","2/78","26/18805",0.0769230769230769,18.5453648915187,5.77764914265916,0.00517509348185431,0.0485369293929704,0.0367560656162727,"EDNRA/ACTA2",2
"GO:0033622","GO:0033622","integrin activation","2/78","26/18805",0.0769230769230769,18.5453648915187,5.77764914265916,0.00517509348185431,0.0485369293929704,0.0367560656162727,"FN1/FERMT1",2
"GO:0035988","GO:0035988","chondrocyte proliferation","2/78","26/18805",0.0769230769230769,18.5453648915187,5.77764914265916,0.00517509348185431,0.0485369293929704,0.0367560656162727,"LEF1/MMP14",2
"GO:0043931","GO:0043931","ossification involved in bone maturation","2/78","26/18805",0.0769230769230769,18.5453648915187,5.77764914265916,0.00517509348185431,0.0485369293929704,0.0367560656162727,"GREM1/ADAMTS12",2
"GO:0062009","GO:0062009","secondary palate development","2/78","26/18805",0.0769230769230769,18.5453648915187,5.77764914265916,0.00517509348185431,0.0485369293929704,0.0367560656162727,"ITGB6/LEF1",2
"GO:0072576","GO:0072576","liver morphogenesis","2/78","26/18805",0.0769230769230769,18.5453648915187,5.77764914265916,0.00517509348185431,0.0485369293929704,0.0367560656162727,"SULF2/CEACAM1",2
"GO:1901888","GO:1901888","regulation of cell junction assembly","5/78","270/18805",0.0185185185185185,4.46462488129155,3.70066799541845,0.00529290634068674,0.0492230119769353,0.0372756225142838,"THBS2/SRPX2/GREM1/EFNA5/MMP14",5
"GO:0048013","GO:0048013","ephrin receptor signaling pathway","3/78","85/18805",0.0352941176470588,8.50904977375566,4.47795619745548,0.00531219937628853,0.0492230119769353,0.0372756225142838,"MST1R/MET/EFNA5",3
"GO:0007156","GO:0007156","homophilic cell adhesion via plasma membrane adhesion molecules","4/78","169/18805",0.0236686390532544,5.7062661204673,3.96626566079433,0.00535873418828589,0.0492230119769353,0.0372756225142838,"CDH11/CDH3/CEACAM6/CEACAM1",4
"GO:0007584","GO:0007584","response to nutrient","4/78","169/18805",0.0236686390532544,5.7062661204673,3.96626566079433,0.00535873418828589,0.0492230119769353,0.0372756225142838,"ITGA2/COL1A1/POSTN/NQO1",4
"GO:0030336","GO:0030336","negative regulation of cell migration","6/78","388/18805",0.0154639175257732,3.7281919111816,3.50444826527987,0.0054710004577938,0.0499965272604541,0.037861390482546,"CDH11/SULF1/IGFBP5/GREM1/MIR492/TNFAIP6",6
